t,x,y,yaw,speed,target_y,steering,left_wheel,right_wheel
0.050,2.2997,-0.0000,-0.0001,0.0062,0.00,0.0001,0.0001,0.0001
0.100,2.2987,-0.0000,-0.0003,0.0194,0.00,0.0002,0.0002,0.0002
0.200,2.2968,0.0000,-0.0003,0.0197,0.00,0.0004,0.0004,0.0004
0.350,2.2935,0.0001,-0.0003,0.0231,0.00,0.0006,0.0006,0.0006
0.450,2.2911,0.0001,-0.0003,0.0247,0.00,0.0007,0.0007,0.0007
0.550,2.2885,0.0002,-0.0003,0.0258,0.00,0.0007,0.0007,0.0007
0.600,2.2872,0.0002,-0.0003,0.0263,0.00,0.0007,0.0007,0.0007
0.700,2.2845,0.0002,-0.0003,0.0271,0.00,0.0008,0.0008,0.0008
0.800,2.2818,0.0002,-0.0003,0.0276,0.00,0.0008,0.0008,0.0008
0.900,2.2790,0.0002,-0.0003,0.0280,0.00,0.0008,0.0008,0.0008
1.000,2.2762,0.0002,-0.0003,0.0283,0.00,0.0008,0.0008,0.0008
1.100,2.2733,0.0002,-0.0003,0.0286,0.00,0.0008,0.0008,0.0008
1.200,2.2704,0.0002,-0.0003,0.0287,0.00,0.0008,0.0008,0.0008
1.300,2.2676,0.0002,-0.0003,0.0289,0.00,0.0008,0.0008,0.0008
1.400,2.2647,0.0002,-0.0003,0.0290,0.00,0.0008,0.0008,0.0008
1.500,2.2618,0.0002,-0.0002,0.0290,0.00,0.0008,0.0008,0.0008
1.600,2.2589,0.0002,-0.0002,0.0291,0.00,0.0008,0.0008,0.0008
1.700,2.2559,0.0002,-0.0002,0.0291,0.00,0.0008,0.0008,0.0008
1.800,2.2530,0.0002,-0.0002,0.0291,0.00,0.0008,0.0008,0.0008
1.900,2.2501,0.0002,-0.0002,0.0292,0.00,0.0007,0.0007,0.0007
2.000,2.2472,0.0002,-0.0002,0.0292,0.00,0.0007,0.0007,0.0007
2.100,2.2443,0.0002,-0.0002,0.0292,0.00,0.0007,0.0007,0.0007
2.250,2.2399,0.0002,-0.0001,0.0292,0.00,0.0007,0.0007,0.0007
2.350,2.2370,0.0002,-0.0001,0.0292,0.00,0.0007,0.0007,0.0007
2.450,2.2341,0.0002,-0.0001,0.0292,0.00,0.0007,0.0007,0.0007
2.550,2.2311,0.0002,-0.0001,0.0292,0.00,0.0007,0.0007,0.0007
2.650,2.2282,0.0002,-0.0001,0.0292,0.00,0.0006,0.0006,0.0006
2.750,2.2253,0.0002,-0.0001,0.0292,0.00,0.0006,0.0006,0.0006
2.850,2.2224,0.0002,-0.0001,0.0292,0.00,0.0006,0.0006,0.0006
2.950,2.2194,0.0002,-0.0001,0.0292,0.00,0.0006,0.0006,0.0006
3.050,2.2165,0.0002,-0.0000,0.0292,0.00,0.0006,0.0006,0.0006
3.150,2.2136,0.0002,-0.0000,0.0292,0.00,0.0006,0.0006,0.0006
3.250,2.2107,0.0002,-0.0000,0.0292,0.00,0.0006,0.0006,0.0006
3.350,2.2078,0.0002,-0.0000,0.0292,0.00,0.0005,0.0005,0.0005
3.450,2.2048,0.0002,0.0000,0.0292,0.00,0.0005,0.0005,0.0005
3.550,2.2019,0.0002,0.0000,0.0292,0.00,0.0005,0.0005,0.0005
3.650,2.1990,0.0002,0.0000,0.0292,0.00,0.0005,0.0005,0.0005
3.750,2.1961,0.0002,0.0000,0.0292,0.00,0.0005,0.0005,0.0005
3.850,2.1931,0.0002,0.0001,0.0292,0.00,0.0005,0.0005,0.0005
3.950,2.1902,0.0002,0.0001,0.0292,0.00,0.0005,0.0005,0.0005
4.050,2.1873,0.0002,0.0001,0.0292,0.00,0.0004,0.0004,0.0004
4.150,2.1844,0.0002,0.0001,0.0292,0.00,0.0004,0.0004,0.0004
4.250,2.1815,0.0002,0.0001,0.0292,0.00,0.0004,0.0004,0.0004
4.350,2.1785,0.0002,0.0001,0.0292,0.00,0.0004,0.0004,0.0004
4.450,2.1756,0.0002,0.0001,0.0292,0.00,0.0004,0.0004,0.0004
4.550,2.1727,0.0002,0.0001,0.0292,0.00,0.0004,0.0004,0.0004
4.650,2.1698,0.0002,0.0002,0.0292,0.00,0.0004,0.0004,0.0004
4.750,2.1668,0.0002,0.0002,0.0292,0.00,0.0003,0.0003,0.0003
4.850,2.1639,0.0002,0.0002,0.0292,0.00,0.0003,0.0003,0.0003
4.950,2.1610,0.0002,0.0002,0.0292,0.00,0.0003,0.0003,0.0003
5.050,2.1581,0.0002,0.0002,0.0292,0.00,0.0003,0.0003,0.0003
5.150,2.1552,0.0002,0.0002,0.0292,0.00,0.0003,0.0003,0.0003
5.250,2.1522,0.0002,0.0002,0.0292,0.00,0.0003,0.0003,0.0003
5.350,2.1493,0.0002,0.0002,0.0292,0.00,0.0003,0.0003,0.0003
5.450,2.1464,0.0002,0.0003,0.0292,0.00,0.0002,0.0002,0.0002
5.550,2.1435,0.0002,0.0003,0.0292,0.00,0.0002,0.0002,0.0002
5.650,2.1405,0.0002,0.0003,0.0292,0.00,0.0002,0.0002,0.0002
5.750,2.1376,0.0002,0.0003,0.0292,0.00,0.0002,0.0002,0.0002
5.850,2.1347,0.0002,0.0003,0.0292,0.00,0.0002,0.0002,0.0002
5.950,2.1318,0.0002,0.0003,0.0292,0.00,0.0002,0.0002,0.0002
6.050,2.1289,0.0002,0.0003,0.0292,0.00,0.0002,0.0002,0.0002
6.150,2.1259,0.0002,0.0003,0.0292,0.00,0.0001,0.0001,0.0001
6.250,2.1230,0.0002,0.0003,0.0292,0.00,0.0001,0.0001,0.0001
6.350,2.1201,0.0002,0.0004,0.0292,0.00,0.0001,0.0001,0.0001
6.450,2.1172,0.0002,0.0004,0.0292,0.00,0.0001,0.0001,0.0001
6.550,2.1142,0.0002,0.0004,0.0292,0.00,0.0001,0.0001,0.0001
6.650,2.1113,0.0002,0.0004,0.0292,0.00,0.0001,0.0001,0.0001
6.750,2.1084,0.0002,0.0004,0.0292,0.00,0.0000,0.0000,0.0000
6.850,2.1055,0.0002,0.0004,0.0292,0.00,0.0000,0.0000,0.0000
6.950,2.1026,0.0002,0.0004,0.0292,0.00,0.0000,0.0000,0.0000
7.050,2.0996,0.0002,0.0004,0.0292,0.00,0.0000,0.0000,0.0000
7.150,2.0967,0.0002,0.0004,0.0292,0.00,-0.0000,-0.0000,-0.0000
7.250,2.0938,0.0002,0.0005,0.0292,0.00,-0.0000,-0.0000,-0.0000
7.350,2.0909,0.0002,0.0005,0.0292,0.00,-0.0000,-0.0000,-0.0000
7.450,2.0879,0.0002,0.0005,0.0292,0.00,-0.0001,-0.0001,-0.0001
7.550,2.0850,0.0002,0.0005,0.0292,0.00,-0.0001,-0.0001,-0.0001
7.650,2.0821,0.0002,0.0005,0.0292,0.00,-0.0001,-0.0001,-0.0001
7.750,2.0792,0.0002,0.0005,0.0292,0.00,-0.0001,-0.0001,-0.0001
7.850,2.0762,0.0002,0.0005,0.0292,0.00,-0.0001,-0.0001,-0.0001
7.950,2.0733,0.0002,0.0005,0.0292,0.00,-0.0001,-0.0001,-0.0001
8.050,2.0704,0.0002,0.0005,0.0292,0.00,-0.0001,-0.0001,-0.0001
8.150,2.0675,0.0002,0.0005,0.0292,0.00,-0.0002,-0.0002,-0.0002
8.250,2.0646,0.0002,0.0006,0.0292,0.00,-0.0002,-0.0002,-0.0002
8.350,2.0616,0.0002,0.0006,0.0292,0.00,-0.0002,-0.0002,-0.0002
8.450,2.0587,0.0002,0.0006,0.0292,0.00,-0.0002,-0.0002,-0.0002
8.500,2.0572,0.0002,0.0006,0.0292,0.00,-0.0002,-0.0002,-0.0002
8.600,2.0543,0.0002,0.0006,0.0292,0.00,-0.0002,-0.0002,-0.0002
8.700,2.0514,0.0002,0.0006,0.0292,0.00,-0.0002,-0.0002,-0.0002
8.800,2.0485,0.0002,0.0006,0.0292,0.00,-0.0002,-0.0002,-0.0002
8.900,2.0455,0.0002,0.0006,0.0292,0.00,-0.0003,-0.0003,-0.0003
9.000,2.0426,0.0002,0.0006,0.0292,0.00,-0.0003,-0.0003,-0.0003
9.100,2.0397,0.0002,0.0006,0.0292,0.00,-0.0003,-0.0003,-0.0003
9.200,2.0368,0.0002,0.0006,0.0292,0.00,-0.0003,-0.0003,-0.0003
9.300,2.0339,0.0002,0.0007,0.0292,0.00,-0.0003,-0.0003,-0.0003
9.400,2.0309,0.0002,0.0007,0.0292,0.00,-0.0003,-0.0003,-0.0003
9.500,2.0280,0.0002,0.0007,0.0292,0.00,-0.0003,-0.0003,-0.0003
9.600,2.0251,0.0001,0.0007,0.0292,0.00,-0.0003,-0.0003,-0.0003
9.700,2.0222,0.0001,0.0007,0.0292,0.00,-0.0003,-0.0003,-0.0003
9.800,2.0192,0.0001,0.0007,0.0292,0.00,-0.0003,-0.0003,-0.0003
9.900,2.0163,0.0001,0.0007,0.0292,0.00,-0.0004,-0.0004,-0.0004
10.000,2.0134,0.0001,0.0007,0.0292,0.00,-0.0004,-0.0004,-0.0004
10.100,2.0105,0.0001,0.0007,0.0292,0.00,-0.0004,-0.0004,-0.0004
10.200,2.0075,0.0001,0.0007,0.0292,0.00,-0.0004,-0.0004,-0.0004
10.300,2.0046,0.0001,0.0007,0.0292,0.00,-0.0004,-0.0004,-0.0004
10.400,2.0017,0.0001,0.0007,0.0292,0.00,-0.0004,-0.0004,-0.0004
10.500,1.9988,0.0001,0.0007,0.0292,0.00,-0.0004,-0.0004,-0.0004
10.600,1.9959,0.0001,0.0007,0.0292,0.00,-0.0004,-0.0004,-0.0004
10.700,1.9929,0.0001,0.0007,0.0292,0.00,-0.0004,-0.0004,-0.0004
10.800,1.9900,0.0001,0.0007,0.0292,0.00,-0.0004,-0.0004,-0.0004
10.900,1.9871,0.0001,0.0007,0.0292,0.00,-0.0004,-0.0004,-0.0004
11.000,1.9842,0.0001,0.0007,0.0292,0.00,-0.0005,-0.0005,-0.0005
11.100,1.9812,0.0001,0.0008,0.0292,0.00,-0.0005,-0.0005,-0.0005
11.200,1.9783,0.0001,0.0008,0.0292,0.00,-0.0005,-0.0005,-0.0005
11.300,1.9754,0.0001,0.0008,0.0292,0.00,-0.0005,-0.0005,-0.0005
11.400,1.9725,0.0001,0.0008,0.0292,0.00,-0.0005,-0.0005,-0.0005
11.500,1.9696,0.0001,0.0008,0.0292,0.00,-0.0005,-0.0005,-0.0005
11.600,1.9666,0.0001,0.0008,0.0292,0.00,-0.0005,-0.0005,-0.0005
11.700,1.9637,0.0001,0.0008,0.0292,0.00,-0.0005,-0.0005,-0.0005
11.800,1.9608,0.0001,0.0008,0.0292,0.00,-0.0005,-0.0005,-0.0005
11.900,1.9579,0.0001,0.0008,0.0292,0.00,-0.0005,-0.0005,-0.0005
12.000,1.9549,0.0001,0.0008,0.0292,0.00,-0.0005,-0.0005,-0.0005
12.100,1.9520,0.0001,0.0008,0.0292,0.00,-0.0005,-0.0005,-0.0005
12.200,1.9491,0.0001,0.0008,0.0292,0.00,-0.0006,-0.0006,-0.0006
12.300,1.9462,0.0001,0.0008,0.0292,0.00,-0.0006,-0.0006,-0.0006
12.400,1.9432,0.0001,0.0008,0.0292,0.00,-0.0006,-0.0006,-0.0006
12.500,1.9403,0.0001,0.0008,0.0292,0.00,-0.0006,-0.0006,-0.0006
12.600,1.9374,0.0001,0.0008,0.0292,0.00,-0.0006,-0.0006,-0.0006
12.700,1.9345,0.0001,0.0008,0.0292,0.00,-0.0006,-0.0006,-0.0006
12.800,1.9315,0.0001,0.0008,0.0292,0.00,-0.0006,-0.0006,-0.0006
12.900,1.9286,0.0001,0.0009,0.0292,0.00,-0.0006,-0.0006,-0.0006
13.000,1.9257,0.0001,0.0009,0.0292,0.00,-0.0006,-0.0006,-0.0006
13.100,1.9228,0.0001,0.0009,0.0292,0.00,-0.0006,-0.0006,-0.0006
13.200,1.9198,0.0001,0.0009,0.0292,0.00,-0.0006,-0.0006,-0.0006
13.300,1.9169,0.0001,0.0009,0.0292,0.00,-0.0006,-0.0006,-0.0006
13.400,1.9140,0.0001,0.0009,0.0292,0.00,-0.0007,-0.0007,-0.0007
13.500,1.9111,0.0001,0.0009,0.0292,0.00,-0.0007,-0.0007,-0.0007
13.600,1.9081,0.0001,0.0009,0.0292,0.00,-0.0007,-0.0007,-0.0007
13.700,1.9052,0.0001,0.0009,0.0292,0.00,-0.0007,-0.0007,-0.0007
13.800,1.9023,0.0001,0.0009,0.0293,0.00,-0.0007,-0.0007,-0.0007
13.900,1.8994,0.0001,0.0009,0.0293,0.00,-0.0007,-0.0007,-0.0007
14.000,1.8964,0.0001,0.0009,0.0293,0.00,-0.0007,-0.0007,-0.0007
14.100,1.8935,0.0001,0.0009,0.0293,0.00,-0.0007,-0.0007,-0.0007
14.200,1.8906,0.0001,0.0009,0.0293,0.00,-0.0007,-0.0007,-0.0007
14.300,1.8877,0.0001,0.0009,0.0293,0.00,-0.0007,-0.0007,-0.0007
14.400,1.8847,0.0001,0.0009,0.0293,0.00,-0.0007,-0.0007,-0.0007
14.500,1.8818,0.0001,0.0009,0.0293,0.00,-0.0007,-0.0007,-0.0007
14.600,1.8789,0.0001,0.0009,0.0293,0.00,-0.0007,-0.0007,-0.0007
14.700,1.8760,0.0001,0.0009,0.0293,0.00,-0.0007,-0.0007,-0.0007
14.800,1.8730,0.0001,0.0009,0.0293,0.00,-0.0008,-0.0008,-0.0008
14.900,1.8701,0.0001,0.0009,0.0293,0.00,-0.0008,-0.0008,-0.0008
15.000,1.8672,0.0001,0.0009,0.0293,0.00,-0.0008,-0.0008,-0.0008
15.100,1.8643,0.0001,0.0009,0.0293,0.00,-0.0008,-0.0008,-0.0008
15.200,1.8613,0.0001,0.0009,0.0293,0.00,-0.0008,-0.0008,-0.0008
15.300,1.8584,0.0001,0.0009,0.0293,0.00,-0.0008,-0.0008,-0.0008
15.400,1.8555,0.0001,0.0009,0.0293,0.00,-0.0008,-0.0008,-0.0008
15.500,1.8526,0.0001,0.0009,0.0293,0.00,-0.0008,-0.0008,-0.0008
15.600,1.8496,0.0001,0.0009,0.0293,0.00,-0.0008,-0.0008,-0.0008
15.700,1.8467,0.0001,0.0009,0.0293,0.00,-0.0008,-0.0008,-0.0008
15.800,1.8438,0.0001,0.0010,0.0293,0.00,-0.0008,-0.0008,-0.0008
15.900,1.8409,0.0001,0.0010,0.0293,0.00,-0.0008,-0.0008,-0.0008
16.000,1.8379,0.0001,0.0010,0.0293,0.00,-0.0008,-0.0008,-0.0008
16.100,1.8350,0.0001,0.0010,0.0293,0.00,-0.0008,-0.0008,-0.0008
16.200,1.8321,0.0001,0.0010,0.0293,0.00,-0.0008,-0.0008,-0.0008
16.300,1.8292,0.0001,0.0010,0.0293,0.00,-0.0008,-0.0008,-0.0008
16.400,1.8262,0.0001,0.0010,0.0293,0.00,-0.0008,-0.0008,-0.0008
16.500,1.8233,0.0000,0.0010,0.0293,0.00,-0.0008,-0.0008,-0.0008
16.600,1.8204,0.0000,0.0010,0.0293,0.00,-0.0009,-0.0009,-0.0009
16.700,1.8175,0.0000,0.0010,0.0293,0.00,-0.0009,-0.0009,-0.0009
16.800,1.8145,0.0000,0.0010,0.0293,0.00,-0.0009,-0.0009,-0.0009
16.900,1.8116,0.0000,0.0010,0.0293,0.00,-0.0009,-0.0009,-0.0009
17.000,1.8087,0.0000,0.0010,0.0293,0.00,-0.0009,-0.0009,-0.0009
17.100,1.8058,0.0000,0.0010,0.0293,0.00,-0.0009,-0.0009,-0.0009
17.200,1.8028,0.0000,0.0010,0.0293,0.00,-0.0009,-0.0009,-0.0009
17.300,1.7999,0.0000,0.0010,0.0293,0.00,-0.0009,-0.0009,-0.0009
17.400,1.7970,0.0000,0.0010,0.0293,0.00,-0.0009,-0.0009,-0.0009
17.500,1.7941,0.0000,0.0010,0.0293,0.00,-0.0009,-0.0009,-0.0009
17.600,1.7911,0.0001,0.0056,0.0298,0.20,-0.4308,-0.3628,-0.5272
17.700,1.7877,-0.0004,0.0240,0.0355,0.20,-0.4461,-0.3738,-0.5496
17.800,1.7830,-0.0004,0.0416,0.0528,0.20,-0.4520,-0.3780,-0.5582
17.900,1.7777,0.0007,0.0398,0.0500,0.20,-0.4499,-0.3766,-0.5552
18.000,1.7739,0.0016,0.0273,0.0371,0.20,-0.4445,-0.3727,-0.5472
18.100,1.7707,0.0024,0.0148,0.0314,0.20,-0.4344,-0.3654,-0.5325
18.200,1.7679,0.0031,0.0048,0.0288,0.20,-0.4250,-0.3586,-0.5188
18.300,1.7651,0.0038,-0.0036,0.0278,0.20,-0.4160,-0.3521,-0.5058
18.400,1.7624,0.0045,-0.0115,0.0278,0.20,-0.4068,-0.3454,-0.4927
18.500,1.7597,0.0052,-0.0191,0.0279,0.20,-0.3978,-0.3387,-0.4798
18.600,1.7570,0.0059,-0.0267,0.0279,0.20,-0.3889,-0.3322,-0.4672
18.700,1.7543,0.0066,-0.0341,0.0280,0.20,-0.3801,-0.3257,-0.4549
18.800,1.7516,0.0073,-0.0414,0.0280,0.20,-0.3714,-0.3192,-0.4428
18.900,1.7489,0.0080,-0.0485,0.0281,0.20,-0.3630,-0.3129,-0.4310
19.000,1.7462,0.0087,-0.0555,0.0281,0.20,-0.3546,-0.3066,-0.4195
19.100,1.7435,0.0094,-0.0623,0.0282,0.20,-0.3464,-0.3003,-0.4082
19.200,1.7407,0.0101,-0.0690,0.0282,0.20,-0.3383,-0.2942,-0.3971
19.300,1.7380,0.0108,-0.0755,0.0283,0.20,-0.3303,-0.2881,-0.3864
19.400,1.7353,0.0116,-0.0819,0.0283,0.20,-0.3225,-0.2821,-0.3758
19.500,1.7325,0.0123,-0.0881,0.0284,0.20,-0.3148,-0.2761,-0.3655
19.600,1.7298,0.0130,-0.0943,0.0284,0.20,-0.3072,-0.2702,-0.3555
19.700,1.7270,0.0138,-0.1002,0.0285,0.20,-0.2998,-0.2644,-0.3457
19.800,1.7243,0.0145,-0.1061,0.0285,0.20,-0.2925,-0.2587,-0.3361
19.900,1.7215,0.0153,-0.1118,0.0285,0.20,-0.2853,-0.2530,-0.3267
20.000,1.7188,0.0161,-0.1175,0.0285,0.20,-0.2782,-0.2473,-0.3175
20.100,1.7160,0.0168,-0.1229,0.0286,0.20,-0.2712,-0.2418,-0.3085
20.200,1.7133,0.0176,-0.1282,0.0288,0.20,-0.2643,-0.2363,-0.2997
20.300,1.7105,0.0184,-0.1333,0.0283,0.20,-0.2580,-0.2312,-0.2916
20.400,1.7078,0.0191,-0.1385,0.0287,0.20,-0.2510,-0.2256,-0.2828
20.500,1.7050,0.0199,-0.1437,0.0285,0.20,-0.2445,-0.2202,-0.2745
20.600,1.7023,0.0206,-0.1493,0.0282,0.20,-0.2377,-0.2147,-0.2661
20.700,1.6995,0.0213,-0.1550,0.0283,0.20,-0.2305,-0.2088,-0.2571
20.800,1.6968,0.0221,-0.1606,0.0284,0.20,-0.2234,-0.2030,-0.2484
20.900,1.6941,0.0228,-0.1658,0.0284,0.20,-0.2167,-0.1974,-0.2402
21.000,1.6913,0.0236,-0.1710,0.0285,0.20,-0.2101,-0.1919,-0.2321
21.100,1.6886,0.0243,-0.1760,0.0285,0.20,-0.2035,-0.1864,-0.2241
21.200,1.6858,0.0251,-0.1808,0.0285,0.20,-0.1971,-0.1810,-0.2164
21.300,1.6831,0.0259,-0.1855,0.0286,0.20,-0.1909,-0.1757,-0.2089
21.400,1.6803,0.0267,-0.1901,0.0286,0.20,-0.1848,-0.1705,-0.2016
21.500,1.6776,0.0275,-0.1945,0.0287,0.20,-0.1788,-0.1653,-0.1945
21.600,1.6748,0.0282,-0.1988,0.0287,0.20,-0.1729,-0.1603,-0.1876
21.700,1.6720,0.0290,-0.2030,0.0287,0.20,-0.1671,-0.1553,-0.1809
21.800,1.6693,0.0298,-0.2070,0.0288,0.20,-0.1615,-0.1505,-0.1743
21.900,1.6665,0.0307,-0.2109,0.0288,0.20,-0.1560,-0.1457,-0.1679
22.000,1.6638,0.0315,-0.2147,0.0288,0.20,-0.1506,-0.1410,-0.1617
22.100,1.6610,0.0323,-0.2183,0.0288,0.20,-0.1454,-0.1363,-0.1557
22.200,1.6582,0.0331,-0.2218,0.0289,0.20,-0.1402,-0.1318,-0.1498
22.300,1.6555,0.0339,-0.2252,0.0289,0.20,-0.1352,-0.1273,-0.1440
22.400,1.6527,0.0348,-0.2285,0.0289,0.20,-0.1302,-0.1229,-0.1385
22.500,1.6499,0.0356,-0.2316,0.0289,0.20,-0.1254,-0.1186,-0.1330
22.600,1.6472,0.0364,-0.2347,0.0289,0.20,-0.1207,-0.1144,-0.1277
22.700,1.6444,0.0373,-0.2376,0.0290,0.20,-0.1161,-0.1102,-0.1226
22.800,1.6416,0.0381,-0.2404,0.0290,0.20,-0.1116,-0.1062,-0.1176
22.900,1.6388,0.0389,-0.2431,0.0290,0.20,-0.1072,-0.1022,-0.1127
23.000,1.6361,0.0398,-0.2457,0.0290,0.20,-0.1029,-0.0982,-0.1079
23.100,1.6333,0.0406,-0.2482,0.0290,0.20,-0.0986,-0.0944,-0.1033
23.200,1.6305,0.0415,-0.2506,0.0290,0.20,-0.0945,-0.0906,-0.0988
23.300,1.6277,0.0423,-0.2530,0.0291,0.20,-0.0905,-0.0869,-0.0944
23.400,1.6250,0.0432,-0.2552,0.0291,0.20,-0.0865,-0.0832,-0.0901
23.500,1.6222,0.0441,-0.2573,0.0291,0.20,-0.0827,-0.0797,-0.0859
23.600,1.6194,0.0449,-0.2593,0.0291,0.20,-0.0789,-0.0762,-0.0819
23.700,1.6166,0.0458,-0.2613,0.0291,0.20,-0.0752,-0.0727,-0.0779
23.800,1.6138,0.0466,-0.2631,0.0291,0.20,-0.0716,-0.0694,-0.0741
23.900,1.6111,0.0475,-0.2649,0.0291,0.20,-0.0681,-0.0661,-0.0703
24.000,1.6083,0.0484,-0.2666,0.0291,0.20,-0.0647,-0.0628,-0.0666
24.100,1.6055,0.0492,-0.2682,0.0291,0.20,-0.0613,-0.0596,-0.0631
24.200,1.6027,0.0501,-0.2697,0.0291,0.20,-0.0580,-0.0565,-0.0596
24.300,1.5999,0.0509,-0.2711,0.0291,0.20,-0.0548,-0.0535,-0.0562
24.400,1.5971,0.0518,-0.2725,0.0292,0.20,-0.0517,-0.0505,-0.0530
24.500,1.5944,0.0527,-0.2738,0.0292,0.20,-0.0487,-0.0476,-0.0498
24.600,1.5916,0.0535,-0.2750,0.0292,0.20,-0.0457,-0.0448,-0.0467
24.700,1.5888,0.0544,-0.2761,0.0292,0.20,-0.0428,-0.0420,-0.0436
24.800,1.5860,0.0553,-0.2772,0.0292,0.20,-0.0400,-0.0392,-0.0407
24.900,1.5832,0.0561,-0.2781,0.0292,0.20,-0.0372,-0.0366,-0.0379
25.000,1.5804,0.0570,-0.2791,0.0292,0.20,-0.0345,-0.0340,-0.0351
25.100,1.5776,0.0579,-0.2799,0.0292,0.20,-0.0319,-0.0314,-0.0324
25.200,1.5749,0.0587,-0.2807,0.0292,0.20,-0.0293,-0.0289,-0.0297
25.300,1.5721,0.0596,-0.2814,0.0292,0.20,-0.0268,-0.0265,-0.0272
25.400,1.5693,0.0605,-0.2821,0.0292,0.20,-0.0244,-0.0241,-0.0247
25.500,1.5665,0.0613,-0.2827,0.0292,0.20,-0.0220,-0.0218,-0.0223
25.600,1.5637,0.0622,-0.2832,0.0292,0.20,-0.0197,-0.0195,-0.0199
25.700,1.5609,0.0630,-0.2837,0.0292,0.20,-0.0175,-0.0173,-0.0176
25.800,1.5581,0.0639,-0.2841,0.0292,0.20,-0.0153,-0.0152,-0.0154
25.900,1.5553,0.0647,-0.2845,0.0292,0.20,-0.0131,-0.0130,-0.0132
26.000,1.5525,0.0656,-0.2848,0.0292,0.20,-0.0110,-0.0110,-0.0111
26.100,1.5497,0.0664,-0.2851,0.0292,0.20,-0.0090,-0.0090,-0.0090
26.200,1.5469,0.0673,-0.2853,0.0292,0.20,-0.0070,-0.0070,-0.0070
26.300,1.5441,0.0681,-0.2854,0.0292,0.20,-0.0051,-0.0051,-0.0051
26.400,1.5413,0.0690,-0.2855,0.0292,0.20,-0.0032,-0.0032,-0.0032
26.500,1.5385,0.0698,-0.2856,0.0292,0.20,-0.0014,-0.0014,-0.0014
26.600,1.5357,0.0707,-0.2856,0.0292,0.20,0.0004,0.0004,0.0004
26.700,1.5330,0.0715,-0.2856,0.0292,0.20,0.0021,0.0021,0.0021
26.800,1.5302,0.0724,-0.2855,0.0292,0.20,0.0038,0.0038,0.0038
26.900,1.5274,0.0732,-0.2854,0.0292,0.20,0.0055,0.0055,0.0054
27.000,1.5246,0.0740,-0.2853,0.0292,0.20,0.0071,0.0071,0.0070
27.100,1.5218,0.0749,-0.2851,0.0292,0.20,0.0086,0.0087,0.0086
27.200,1.5190,0.0757,-0.2849,0.0292,0.20,0.0101,0.0102,0.0101
27.300,1.5161,0.0765,-0.2846,0.0292,0.20,0.0116,0.0117,0.0115
27.400,1.5133,0.0774,-0.2843,0.0292,0.20,0.0130,0.0131,0.0130
27.500,1.5105,0.0782,-0.2839,0.0292,0.20,0.0144,0.0145,0.0143
27.600,1.5077,0.0790,-0.2836,0.0292,0.20,0.0158,0.0159,0.0157
27.700,1.5049,0.0798,-0.2832,0.0292,0.20,0.0171,0.0172,0.0170
27.800,1.5021,0.0806,-0.2827,0.0292,0.20,0.0184,0.0185,0.0182
27.900,1.4993,0.0814,-0.2822,0.0292,0.20,0.0196,0.0198,0.0194
28.000,1.4965,0.0822,-0.2817,0.0292,0.20,0.0208,0.0210,0.0206
28.100,1.4937,0.0831,-0.2812,0.0292,0.20,0.0220,0.0222,0.0218
28.200,1.4909,0.0839,-0.2806,0.0292,0.20,0.0231,0.0234,0.0229
28.300,1.4881,0.0847,-0.2800,0.0292,0.20,0.0242,0.0245,0.0239
28.400,1.4853,0.0855,-0.2794,0.0292,0.20,0.0253,0.0256,0.0250
28.500,1.4825,0.0862,-0.2788,0.0292,0.20,0.0263,0.0266,0.0260
28.600,1.4797,0.0870,-0.2781,0.0292,0.20,0.0273,0.0277,0.0270
28.700,1.4768,0.0878,-0.2774,0.0292,0.20,0.0283,0.0287,0.0279
28.800,1.4740,0.0886,-0.2767,0.0292,0.20,0.0292,0.0296,0.0289
28.900,1.4712,0.0894,-0.2759,0.0292,0.20,0.0302,0.0306,0.0297
29.000,1.4684,0.0902,-0.2751,0.0292,0.20,0.0310,0.0315,0.0306
29.100,1.4656,0.0909,-0.2743,0.0292,0.20,0.0319,0.0324,0.0314
29.200,1.4628,0.0917,-0.2735,0.0292,0.20,0.0327,0.0332,0.0323
29.300,1.4599,0.0925,-0.2727,0.0292,0.20,0.0335,0.0341,0.0330
29.400,1.4571,0.0932,-0.2718,0.0292,0.20,0.0343,0.0349,0.0338
29.500,1.4543,0.0940,-0.2709,0.0292,0.20,0.0351,0.0356,0.0345
29.600,1.4515,0.0948,-0.2700,0.0292,0.20,0.0358,0.0364,0.0352
29.700,1.4487,0.0955,-0.2691,0.0292,0.20,0.0365,0.0371,0.0359
29.800,1.4458,0.0963,-0.2682,0.0292,0.20,0.0372,0.0378,0.0366
29.900,1.4430,0.0970,-0.2672,0.0292,0.20,0.0378,0.0385,0.0372
30.000,1.4402,0.0978,-0.2663,0.0292,0.20,0.0385,0.0392,0.0378
30.100,1.4374,0.0985,-0.2653,0.0292,0.20,0.0391,0.0398,0.0384
30.200,1.4345,0.0992,-0.2643,0.0292,0.20,0.0397,0.0404,0.0390
30.300,1.4317,0.1000,-0.2633,0.0292,0.20,0.0402,0.0410,0.0395
30.400,1.4289,0.1007,-0.2623,0.0292,0.20,0.0408,0.0416,0.0400
30.500,1.4261,0.1014,-0.2612,0.0292,0.20,0.0413,0.0421,0.0405
30.600,1.4232,0.1021,-0.2602,0.0292,0.20,0.0418,0.0426,0.0410
30.700,1.4204,0.1029,-0.2591,0.0292,0.20,0.0423,0.0431,0.0415
30.800,1.4176,0.1036,-0.2580,0.0292,0.20,0.0428,0.0436,0.0419
30.900,1.4147,0.1043,-0.2569,0.0292,0.20,0.0432,0.0441,0.0424
31.000,1.4119,0.1050,-0.2558,0.0292,0.20,0.0436,0.0445,0.0428
31.100,1.4091,0.1057,-0.2547,0.0292,0.20,0.0440,0.0450,0.0432
31.200,1.4062,0.1064,-0.2536,0.0292,0.20,0.0444,0.0454,0.0436
31.300,1.4034,0.1071,-0.2525,0.0292,0.20,0.0448,0.0458,0.0439
31.400,1.4006,0.1078,-0.2513,0.0292,0.20,0.0452,0.0461,0.0443
31.500,1.3977,0.1085,-0.2502,0.0292,0.20,0.0455,0.0465,0.0446
31.600,1.3949,0.1092,-0.2490,0.0292,0.20,0.0458,0.0468,0.0449
31.700,1.3920,0.1098,-0.2479,0.0293,0.20,0.0463,0.0473,0.0453
31.800,1.3892,0.1105,-0.2467,0.0292,0.20,0.0465,0.0475,0.0455
31.900,1.3863,0.1112,-0.2454,0.0292,0.20,0.0467,0.0477,0.0457
32.000,1.3835,0.1119,-0.2443,0.0293,0.20,0.0471,0.0481,0.0461
32.100,1.3807,0.1125,-0.2433,0.0293,0.20,0.0475,0.0486,0.0465
32.200,1.3778,0.1132,-0.2423,0.0293,0.20,0.0480,0.0491,0.0470
32.300,1.3749,0.1139,-0.2416,0.0292,0.20,0.0487,0.0498,0.0476
32.400,1.3721,0.1145,-0.2410,0.0290,0.20,0.0494,0.0505,0.0483
32.500,1.3693,0.1151,-0.2404,0.0290,0.20,0.0501,0.0513,0.0490
32.600,1.3665,0.1158,-0.2398,0.0289,0.20,0.0509,0.0521,0.0497
32.700,1.3636,0.1164,-0.2391,0.0289,0.20,0.0516,0.0529,0.0504
32.800,1.3608,0.1170,-0.2385,0.0289,0.20,0.0523,0.0536,0.0511
32.900,1.3580,0.1176,-0.2378,0.0290,0.20,0.0531,0.0544,0.0518
33.000,1.3552,0.1182,-0.2372,0.0290,0.20,0.0537,0.0551,0.0524
33.100,1.3523,0.1188,-0.2364,0.0290,0.20,0.0544,0.0558,0.0531
33.200,1.3495,0.1195,-0.2356,0.0291,0.20,0.0550,0.0564,0.0536
33.300,1.3466,0.1201,-0.2347,0.0292,0.20,0.0554,0.0569,0.0541
33.400,1.3438,0.1207,-0.2339,0.0292,0.20,0.0559,0.0574,0.0545
33.500,1.3409,0.1213,-0.2330,0.0291,0.20,0.0564,0.0578,0.0549
33.600,1.3381,0.1219,-0.2321,0.0291,0.20,0.0568,0.0583,0.0554
33.700,1.3352,0.1225,-0.2312,0.0291,0.20,0.0572,0.0588,0.0558
33.800,1.3324,0.1231,-0.2303,0.0291,0.20,0.0576,0.0592,0.0562
33.900,1.3295,0.1237,-0.2294,0.0291,0.20,0.0581,0.0596,0.0566
34.050,1.3252,0.1246,-0.2281,0.0292,0.20,0.0586,0.0603,0.0571
34.150,1.3224,0.1252,-0.2271,0.0291,0.20,0.0590,0.0606,0.0574
34.250,1.3195,0.1257,-0.2262,0.0291,0.20,0.0593,0.0610,0.0578
34.350,1.3167,0.1263,-0.2252,0.0291,0.20,0.0597,0.0614,0.0581
34.450,1.3138,0.1269,-0.2243,0.0291,0.20,0.0600,0.0617,0.0584
34.550,1.3110,0.1275,-0.2233,0.0291,0.20,0.0603,0.0620,0.0587
34.650,1.3081,0.1280,-0.2224,0.0291,0.20,0.0606,0.0623,0.0590
34.750,1.3052,0.1286,-0.2214,0.0291,0.20,0.0609,0.0627,0.0593
34.850,1.3024,0.1292,-0.2204,0.0291,0.20,0.0612,0.0629,0.0595
34.950,1.2995,0.1297,-0.2195,0.0291,0.20,0.0614,0.0632,0.0598
35.050,1.2967,0.1303,-0.2185,0.0291,0.20,0.0617,0.0635,0.0600
35.150,1.2938,0.1308,-0.2175,0.0291,0.20,0.0619,0.0637,0.0602
35.250,1.2909,0.1314,-0.2165,0.0291,0.20,0.0622,0.0640,0.0604
35.350,1.2881,0.1319,-0.2155,0.0291,0.20,0.0624,0.0642,0.0606
35.450,1.2852,0.1325,-0.2145,0.0291,0.20,0.0626,0.0644,0.0608
35.550,1.2824,0.1330,-0.2135,0.0291,0.20,0.0628,0.0646,0.0610
35.650,1.2795,0.1336,-0.2125,0.0291,0.20,0.0630,0.0648,0.0612
35.750,1.2766,0.1341,-0.2115,0.0291,0.20,0.0631,0.0650,0.0614
35.850,1.2738,0.1346,-0.2105,0.0291,0.20,0.0633,0.0652,0.0615
35.950,1.2709,0.1352,-0.2095,0.0291,0.20,0.0634,0.0653,0.0616
36.050,1.2680,0.1357,-0.2084,0.0291,0.20,0.0636,0.0655,0.0618
36.150,1.2652,0.1362,-0.2074,0.0291,0.20,0.0637,0.0656,0.0619
36.250,1.2623,0.1367,-0.2064,0.0291,0.20,0.0638,0.0658,0.0620
36.350,1.2594,0.1372,-0.2053,0.0291,0.20,0.0640,0.0659,0.0621
36.450,1.2566,0.1377,-0.2043,0.0291,0.20,0.0641,0.0660,0.0622
36.550,1.2537,0.1383,-0.2033,0.0291,0.20,0.0642,0.0661,0.0623
36.650,1.2508,0.1388,-0.2022,0.0291,0.20,0.0642,0.0662,0.0624
36.750,1.2480,0.1393,-0.2012,0.0291,0.20,0.0643,0.0663,0.0625
36.850,1.2451,0.1398,-0.2001,0.0291,0.20,0.0644,0.0663,0.0625
36.950,1.2422,0.1403,-0.1991,0.0291,0.20,0.0644,0.0664,0.0626
37.050,1.2394,0.1408,-0.1981,0.0291,0.20,0.0645,0.0665,0.0626
37.150,1.2365,0.1412,-0.1970,0.0291,0.20,0.0645,0.0665,0.0627
37.250,1.2336,0.1417,-0.1960,0.0291,0.20,0.0646,0.0665,0.0627
37.350,1.2307,0.1422,-0.1949,0.0291,0.20,0.0646,0.0666,0.0627
37.450,1.2277,0.1426,-0.1984,0.0318,0.00,0.5098,0.6446,0.4187
37.550,1.2239,0.1436,-0.2176,0.0418,0.00,0.5236,0.6656,0.4283
37.650,1.2183,0.1440,-0.2316,0.0616,0.00,0.5236,0.6656,0.4283
37.750,1.2120,0.1431,-0.2293,0.0603,0.00,0.5236,0.6656,0.4283
37.850,1.2076,0.1427,-0.2137,0.0412,0.00,0.5201,0.6602,0.4259
37.950,1.2041,0.1423,-0.1985,0.0336,0.00,0.5083,0.6423,0.4177
38.050,1.2010,0.1420,-0.1866,0.0297,0.00,0.4979,0.6266,0.4105
38.150,1.1982,0.1417,-0.1769,0.0276,0.00,0.4887,0.6127,0.4040
38.250,1.1955,0.1414,-0.1679,0.0272,0.00,0.4792,0.5986,0.3974
38.350,1.1928,0.1410,-0.1592,0.0271,0.00,0.4699,0.5846,0.3907
38.450,1.1901,0.1407,-0.1505,0.0271,0.00,0.4605,0.5708,0.3841
38.550,1.1874,0.1403,-0.1420,0.0272,0.00,0.4513,0.5571,0.3775
38.650,1.1847,0.1400,-0.1337,0.0272,0.00,0.4421,0.5438,0.3710
38.750,1.1820,0.1396,-0.1255,0.0273,0.00,0.4332,0.5307,0.3645
38.850,1.1793,0.1393,-0.1175,0.0274,0.00,0.4243,0.5179,0.3581
38.950,1.1766,0.1389,-0.1096,0.0275,0.00,0.4157,0.5054,0.3518
39.050,1.1739,0.1385,-0.1019,0.0276,0.00,0.4071,0.4932,0.3456
39.150,1.1711,0.1381,-0.0944,0.0277,0.00,0.3988,0.4812,0.3395
39.250,1.1684,0.1377,-0.0870,0.0277,0.00,0.3906,0.4696,0.3334
39.350,1.1656,0.1373,-0.0798,0.0278,0.00,0.3825,0.4582,0.3274
39.450,1.1629,0.1369,-0.0728,0.0278,0.00,0.3746,0.4471,0.3215
39.550,1.1601,0.1365,-0.0658,0.0279,0.00,0.3668,0.4363,0.3157
39.650,1.1574,0.1361,-0.0590,0.0279,0.00,0.3591,0.4256,0.3099
39.750,1.1546,0.1357,-0.0524,0.0280,0.00,0.3515,0.4152,0.3042
39.850,1.1518,0.1353,-0.0459,0.0280,0.00,0.3441,0.4051,0.2986
39.950,1.1491,0.1348,-0.0395,0.0281,0.00,0.3368,0.3952,0.2931
40.050,1.1463,0.1344,-0.0333,0.0281,0.00,0.3296,0.3855,0.2876
40.150,1.1435,0.1340,-0.0271,0.0282,0.00,0.3226,0.3760,0.2821
40.250,1.1407,0.1335,-0.0211,0.0282,0.00,0.3157,0.3667,0.2768
40.350,1.1379,0.1331,-0.0153,0.0282,0.00,0.3088,0.3576,0.2715
40.450,1.1351,0.1326,-0.0095,0.0283,0.00,0.3021,0.3487,0.2662
40.550,1.1324,0.1322,-0.0039,0.0283,0.00,0.2955,0.3401,0.2611
40.650,1.1296,0.1317,0.0016,0.0284,0.00,0.2890,0.3316,0.2559
40.750,1.1268,0.1312,0.0070,0.0284,0.00,0.2826,0.3233,0.2509
40.850,1.1240,0.1307,0.0123,0.0284,0.00,0.2764,0.3151,0.2459
40.950,1.1211,0.1303,0.0174,0.0285,0.00,0.2702,0.3072,0.2410
41.050,1.1183,0.1298,0.0225,0.0285,0.00,0.2641,0.2994,0.2361
41.150,1.1155,0.1293,0.0274,0.0285,0.00,0.2581,0.2918,0.2313
41.250,1.1127,0.1288,0.0323,0.0285,0.00,0.2522,0.2843,0.2265
41.350,1.1099,0.1283,0.0371,0.0287,0.00,0.2463,0.2768,0.2217
41.450,1.1071,0.1278,0.0418,0.0287,0.00,0.2406,0.2696,0.2170
41.550,1.1043,0.1273,0.0465,0.0287,0.00,0.2349,0.2626,0.2124
41.650,1.1014,0.1268,0.0510,0.0287,0.00,0.2293,0.2556,0.2078
41.750,1.0986,0.1263,0.0554,0.0287,0.00,0.2238,0.2488,0.2033
41.850,1.0958,0.1258,0.0598,0.0287,0.00,0.2184,0.2422,0.1988
41.950,1.0929,0.1253,0.0640,0.0288,0.00,0.2131,0.2357,0.1943
42.050,1.0901,0.1248,0.0682,0.0288,0.00,0.2078,0.2293,0.1900
42.150,1.0873,0.1243,0.0722,0.0288,0.00,0.2027,0.2231,0.1856
42.250,1.0844,0.1238,0.0762,0.0288,0.00,0.1976,0.2170,0.1814
42.350,1.0816,0.1232,0.0801,0.0288,0.00,0.1926,0.2110,0.1772
42.450,1.0788,0.1227,0.0839,0.0289,0.00,0.1877,0.2051,0.1730
42.550,1.0759,0.1222,0.0875,0.0289,0.00,0.1829,0.1994,0.1689
42.650,1.0731,0.1217,0.0912,0.0289,0.00,0.1782,0.1938,0.1648
42.750,1.0703,0.1211,0.0947,0.0289,0.00,0.1735,0.1883,0.1608
42.850,1.0674,0.1206,0.0981,0.0289,0.00,0.1689,0.1829,0.1569
42.950,1.0646,0.1200,0.1015,0.0289,0.00,0.1644,0.1776,0.1529
43.050,1.0617,0.1195,0.1048,0.0289,0.00,0.1599,0.1725,0.1491
43.150,1.0589,0.1189,0.1080,0.0289,0.00,0.1556,0.1674,0.1453
43.250,1.0561,0.1184,0.1112,0.0290,0.00,0.1513,0.1624,0.1415
43.350,1.0532,0.1178,0.1142,0.0290,0.00,0.1470,0.1576,0.1378
43.450,1.0504,0.1173,0.1172,0.0290,0.00,0.1429,0.1528,0.1341
43.550,1.0475,0.1167,0.1201,0.0290,0.00,0.1388,0.1481,0.1305
43.650,1.0447,0.1162,0.1229,0.0290,0.00,0.1347,0.1436,0.1270
43.750,1.0418,0.1156,0.1257,0.0290,0.00,0.1308,0.1391,0.1234
43.850,1.0390,0.1151,0.1284,0.0290,0.00,0.1269,0.1347,0.1200
43.950,1.0361,0.1145,0.1310,0.0290,0.00,0.1231,0.1304,0.1165
44.050,1.0333,0.1139,0.1336,0.0290,0.00,0.1193,0.1262,0.1131
44.150,1.0304,0.1134,0.1361,0.0290,0.00,0.1156,0.1220,0.1098
44.250,1.0276,0.1128,0.1385,0.0290,0.00,0.1120,0.1180,0.1065
44.350,1.0247,0.1122,0.1409,0.0291,0.00,0.1084,0.1140,0.1033
44.450,1.0219,0.1117,0.1432,0.0291,0.00,0.1049,0.1101,0.1001
44.550,1.0190,0.1111,0.1454,0.0291,0.00,0.1014,0.1063,0.0969
44.650,1.0162,0.1105,0.1476,0.0291,0.00,0.0980,0.1026,0.0938
44.750,1.0133,0.1099,0.1497,0.0291,0.00,0.0947,0.0990,0.0908
44.850,1.0105,0.1094,0.1518,0.0291,0.00,0.0914,0.0954,0.0877
44.950,1.0076,0.1088,0.1538,0.0291,0.00,0.0882,0.0919,0.0847
45.050,1.0048,0.1082,0.1557,0.0291,0.00,0.0850,0.0884,0.0818
45.150,1.0019,0.1076,0.1576,0.0291,0.00,0.0819,0.0850,0.0789
45.250,0.9991,0.1071,0.1594,0.0291,0.00,0.0788,0.0817,0.0761
45.350,0.9962,0.1065,0.1612,0.0291,0.00,0.0758,0.0785,0.0732
45.450,0.9934,0.1059,0.1629,0.0291,0.00,0.0728,0.0753,0.0705
45.550,0.9905,0.1053,0.1646,0.0291,0.00,0.0699,0.0722,0.0677
45.650,0.9877,0.1047,0.1662,0.0291,0.00,0.0670,0.0691,0.0650
45.750,0.9848,0.1042,0.1678,0.0291,0.00,0.0642,0.0662,0.0624
45.850,0.9820,0.1036,0.1693,0.0291,0.00,0.0614,0.0632,0.0597
45.950,0.9791,0.1030,0.1708,0.0292,0.00,0.0587,0.0603,0.0571
46.050,0.9763,0.1024,0.1722,0.0292,0.00,0.0559,0.0574,0.0545
46.150,0.9734,0.1018,0.1737,0.0292,0.00,0.0533,0.0546,0.0520
46.250,0.9705,0.1012,0.1750,0.0292,0.00,0.0506,0.0518,0.0495
46.350,0.9677,0.1007,0.1764,0.0292,0.00,0.0480,0.0491,0.0470
46.450,0.9648,0.1001,0.1776,0.0292,0.00,0.0455,0.0465,0.0446
46.550,0.9620,0.0995,0.1788,0.0293,0.00,0.0431,0.0439,0.0422
46.650,0.9591,0.0989,0.1799,0.0293,0.00,0.0407,0.0415,0.0399
46.750,0.9562,0.0983,0.1809,0.0293,0.00,0.0384,0.0391,0.0377
46.850,0.9533,0.0977,0.1819,0.0293,0.00,0.0361,0.0367,0.0355
46.950,0.9505,0.0972,0.1829,0.0293,0.00,0.0339,0.0344,0.0334
47.050,0.9476,0.0966,0.1838,0.0293,0.00,0.0318,0.0322,0.0313
47.150,0.9447,0.0960,0.1846,0.0293,0.00,0.0296,0.0300,0.0292
47.250,0.9418,0.0954,0.1854,0.0293,0.00,0.0276,0.0279,0.0272
47.350,0.9390,0.0948,0.1862,0.0293,0.00,0.0256,0.0259,0.0253
47.450,0.9361,0.0943,0.1869,0.0293,0.00,0.0236,0.0239,0.0233
47.550,0.9332,0.0937,0.1876,0.0293,0.00,0.0217,0.0219,0.0215
47.650,0.9303,0.0931,0.1882,0.0293,0.00,0.0198,0.0200,0.0196
47.750,0.9275,0.0925,0.1888,0.0293,0.00,0.0180,0.0182,0.0179
47.850,0.9246,0.0920,0.1893,0.0293,0.00,0.0162,0.0164,0.0161
47.950,0.9217,0.0914,0.1898,0.0293,0.00,0.0145,0.0146,0.0144
48.050,0.9188,0.0908,0.1903,0.0293,0.00,0.0128,0.0129,0.0127
48.150,0.9160,0.0902,0.1907,0.0293,0.00,0.0111,0.0111,0.0110
48.250,0.9131,0.0897,0.1913,0.0293,0.00,0.0092,0.0093,0.0092
48.350,0.9102,0.0891,0.1920,0.0294,0.00,0.0073,0.0073,0.0073
48.450,0.9073,0.0885,0.1926,0.0295,0.00,0.0054,0.0054,0.0054
48.550,0.9044,0.0880,0.1931,0.0294,0.00,0.0037,0.0037,0.0037
48.650,0.9016,0.0874,0.1933,0.0293,0.00,0.0023,0.0023,0.0023
48.750,0.8987,0.0868,0.1934,0.0293,0.00,0.0010,0.0010,0.0010
48.850,0.8958,0.0863,0.1935,0.0294,0.00,-0.0004,-0.0004,-0.0004
48.950,0.8929,0.0857,0.1936,0.0293,0.00,-0.0016,-0.0016,-0.0016
49.050,0.8900,0.0852,0.1937,0.0292,0.00,-0.0029,-0.0029,-0.0029
49.150,0.8872,0.0846,0.1937,0.0293,0.00,-0.0042,-0.0041,-0.0042
49.250,0.8843,0.0841,0.1937,0.0293,0.00,-0.0054,-0.0054,-0.0054
49.350,0.8814,0.0835,0.1937,0.0293,0.00,-0.0065,-0.0065,-0.0066
49.450,0.8785,0.0830,0.1937,0.0293,0.00,-0.0077,-0.0077,-0.0077
49.550,0.8757,0.0824,0.1936,0.0293,0.00,-0.0088,-0.0088,-0.0089
49.650,0.8728,0.0819,0.1935,0.0293,0.00,-0.0100,-0.0099,-0.0100
49.750,0.8699,0.0813,0.1934,0.0293,0.00,-0.0110,-0.0110,-0.0111
49.850,0.8670,0.0808,0.1932,0.0293,0.00,-0.0121,-0.0120,-0.0121
49.950,0.8641,0.0802,0.1930,0.0293,0.00,-0.0131,-0.0130,-0.0131
50.050,0.8613,0.0797,0.1928,0.0293,0.00,-0.0140,-0.0139,-0.0141
50.150,0.8584,0.0792,0.1925,0.0293,0.00,-0.0150,-0.0148,-0.0151
50.250,0.8555,0.0786,0.1922,0.0293,0.00,-0.0158,-0.0157,-0.0160
50.350,0.8526,0.0781,0.1919,0.0293,0.00,-0.0167,-0.0166,-0.0168
50.450,0.8497,0.0775,0.1916,0.0293,0.00,-0.0175,-0.0174,-0.0177
50.550,0.8469,0.0770,0.1912,0.0293,0.00,-0.0183,-0.0182,-0.0185
50.650,0.8440,0.0765,0.1908,0.0293,0.00,-0.0191,-0.0189,-0.0193
50.750,0.8411,0.0760,0.1904,0.0293,0.00,-0.0199,-0.0197,-0.0200
50.850,0.8382,0.0754,0.1899,0.0293,0.00,-0.0206,-0.0204,-0.0208
50.950,0.8353,0.0749,0.1895,0.0293,0.00,-0.0213,-0.0211,-0.0215
51.050,0.8324,0.0744,0.1890,0.0293,0.00,-0.0220,-0.0218,-0.0222
51.150,0.8295,0.0739,0.1886,0.0293,0.00,-0.0227,-0.0224,-0.0229
51.250,0.8267,0.0733,0.1881,0.0293,0.00,-0.0233,-0.0231,-0.0236
51.350,0.8238,0.0728,0.1876,0.0293,0.00,-0.0240,-0.0237,-0.0242
51.450,0.8209,0.0723,0.1870,0.0293,0.00,-0.0246,-0.0243,-0.0249
51.550,0.8180,0.0718,0.1865,0.0293,0.00,-0.0252,-0.0249,-0.0255
51.650,0.8151,0.0713,0.1859,0.0293,0.00,-0.0257,-0.0254,-0.0260
51.750,0.8122,0.0708,0.1854,0.0293,0.00,-0.0263,-0.0260,-0.0266
51.850,0.8093,0.0703,0.1848,0.0293,0.00,-0.0268,-0.0265,-0.0271
51.950,0.8064,0.0698,0.1842,0.0293,0.00,-0.0273,-0.0270,-0.0277
52.050,0.8035,0.0693,0.1836,0.0293,0.00,-0.0278,-0.0275,-0.0282
52.150,0.8007,0.0688,0.1829,0.0293,0.00,-0.0283,-0.0279,-0.0287
52.250,0.7978,0.0683,0.1823,0.0293,0.00,-0.0288,-0.0284,-0.0292
52.350,0.7949,0.0678,0.1817,0.0293,0.00,-0.0292,-0.0288,-0.0296
52.450,0.7920,0.0673,0.1810,0.0293,0.00,-0.0297,-0.0293,-0.0301
52.550,0.7891,0.0668,0.1804,0.0293,0.00,-0.0301,-0.0297,-0.0305
52.650,0.7862,0.0663,0.1797,0.0293,0.00,-0.0305,-0.0301,-0.0309
52.750,0.7833,0.0658,0.1790,0.0293,0.00,-0.0309,-0.0304,-0.0313
52.850,0.7804,0.0653,0.1783,0.0293,0.00,-0.0312,-0.0308,-0.0317
52.950,0.7775,0.0649,0.1776,0.0293,0.00,-0.0316,-0.0311,-0.0321
53.050,0.7746,0.0644,0.1769,0.0293,0.00,-0.0319,-0.0315,-0.0324
53.150,0.7717,0.0639,0.1762,0.0293,0.00,-0.0323,-0.0318,-0.0328
53.250,0.7688,0.0634,0.1755,0.0293,0.00,-0.0326,-0.0321,-0.0331
53.350,0.7659,0.0630,0.1747,0.0293,0.00,-0.0329,-0.0324,-0.0334
53.450,0.7630,0.0625,0.1740,0.0293,0.00,-0.0332,-0.0327,-0.0337
53.550,0.7601,0.0621,0.1732,0.0293,0.00,-0.0335,-0.0330,-0.0340
53.650,0.7573,0.0616,0.1725,0.0293,0.00,-0.0337,-0.0332,-0.0343
53.750,0.7544,0.0611,0.1717,0.0293,0.00,-0.0340,-0.0335,-0.0345
53.850,0.7515,0.0607,0.1709,0.0293,0.00,-0.0342,-0.0337,-0.0348
53.950,0.7486,0.0602,0.1702,0.0293,0.00,-0.0345,-0.0339,-0.0350
54.050,0.7457,0.0598,0.1694,0.0293,0.00,-0.0347,-0.0342,-0.0353
54.150,0.7428,0.0593,0.1686,0.0293,0.00,-0.0349,-0.0344,-0.0355
54.250,0.7399,0.0589,0.1678,0.0293,0.00,-0.0351,-0.0346,-0.0357
54.350,0.7370,0.0584,0.1670,0.0293,0.00,-0.0353,-0.0347,-0.0359
54.450,0.7341,0.0580,0.1662,0.0293,0.00,-0.0355,-0.0349,-0.0361
54.550,0.7312,0.0576,0.1654,0.0293,0.00,-0.0356,-0.0351,-0.0362
54.650,0.7283,0.0571,0.1646,0.0293,0.00,-0.0358,-0.0352,-0.0364
54.750,0.7254,0.0567,0.1638,0.0293,0.00,-0.0360,-0.0354,-0.0366
54.850,0.7225,0.0563,0.1630,0.0293,0.00,-0.0361,-0.0355,-0.0367
54.950,0.7196,0.0559,0.1622,0.0293,0.00,-0.0362,-0.0356,-0.0369
55.050,0.7167,0.0554,0.1614,0.0293,0.00,-0.0364,-0.0358,-0.0370
55.150,0.7138,0.0550,0.1605,0.0293,0.00,-0.0365,-0.0359,-0.0371
55.250,0.7109,0.0546,0.1597,0.0293,0.00,-0.0366,-0.0360,-0.0372
55.350,0.7080,0.0542,0.1589,0.0293,0.00,-0.0367,-0.0361,-0.0373
55.450,0.7051,0.0538,0.1581,0.0293,0.00,-0.0368,-0.0362,-0.0374
55.550,0.7022,0.0534,0.1572,0.0293,0.00,-0.0369,-0.0363,-0.0375
55.650,0.6993,0.0529,0.1564,0.0293,0.00,-0.0369,-0.0363,-0.0376
55.750,0.6963,0.0525,0.1556,0.0293,0.00,-0.0370,-0.0364,-0.0376
55.850,0.6934,0.0521,0.1547,0.0293,0.00,-0.0371,-0.0365,-0.0377
55.950,0.6905,0.0517,0.1539,0.0293,0.00,-0.0371,-0.0365,-0.0378
56.050,0.6876,0.0513,0.1530,0.0293,0.00,-0.0372,-0.0366,-0.0378
56.150,0.6847,0.0509,0.1522,0.0293,0.00,-0.0372,-0.0366,-0.0379
56.250,0.6818,0.0505,0.1514,0.0293,0.00,-0.0373,-0.0366,-0.0379
56.350,0.6789,0.0502,0.1505,0.0293,0.00,-0.0373,-0.0367,-0.0379
56.450,0.6760,0.0498,0.1497,0.0293,0.00,-0.0373,-0.0367,-0.0380
56.550,0.6731,0.0494,0.1488,0.0293,0.00,-0.0373,-0.0367,-0.0380
56.650,0.6702,0.0490,0.1480,0.0293,0.00,-0.0373,-0.0367,-0.0380
56.750,0.6673,0.0486,0.1471,0.0293,0.00,-0.0373,-0.0367,-0.0380
56.850,0.6644,0.0482,0.1463,0.0293,0.00,-0.0373,-0.0367,-0.0380
56.950,0.6615,0.0479,0.1454,0.0293,0.00,-0.0373,-0.0367,-0.0380
57.050,0.6586,0.0475,0.1446,0.0293,0.20,-0.4775,-0.3961,-0.5959
57.150,0.6553,0.0470,0.1554,0.0335,0.20,-0.4867,-0.4026,-0.6098
57.250,0.6513,0.0461,0.1761,0.0455,0.20,-0.5025,-0.4137,-0.6336
57.350,0.6457,0.0463,0.1846,0.0603,0.20,-0.5028,-0.4138,-0.6339
57.450,0.6409,0.0470,0.1745,0.0444,0.20,-0.4999,-0.4118,-0.6296
57.550,0.6373,0.0474,0.1603,0.0343,0.20,-0.4904,-0.4052,-0.6154
57.650,0.6342,0.0478,0.1482,0.0299,0.20,-0.4801,-0.3980,-0.5999
57.750,0.6314,0.0482,0.1387,0.0278,0.20,-0.4709,-0.3915,-0.5862
57.850,0.6287,0.0487,0.1300,0.0275,0.20,-0.4616,-0.3849,-0.5724
57.950,0.6260,0.0491,0.1214,0.0272,0.20,-0.4523,-0.3783,-0.5587
58.050,0.6233,0.0495,0.1130,0.0273,0.20,-0.4430,-0.3716,-0.5451
58.150,0.6206,0.0499,0.1048,0.0274,0.20,-0.4339,-0.3650,-0.5317
58.250,0.6179,0.0504,0.0967,0.0274,0.20,-0.4248,-0.3585,-0.5186
58.350,0.6152,0.0508,0.0888,0.0275,0.20,-0.4160,-0.3521,-0.5058
58.450,0.6125,0.0512,0.0810,0.0276,0.20,-0.4072,-0.3457,-0.4933
58.550,0.6097,0.0517,0.0734,0.0277,0.20,-0.3987,-0.3394,-0.4811
58.650,0.6070,0.0522,0.0659,0.0277,0.20,-0.3902,-0.3332,-0.4692
58.750,0.6043,0.0526,0.0586,0.0278,0.20,-0.3820,-0.3270,-0.4575
58.850,0.6015,0.0531,0.0515,0.0278,0.20,-0.3738,-0.3210,-0.4461
58.950,0.5988,0.0536,0.0445,0.0279,0.20,-0.3658,-0.3150,-0.4350
59.050,0.5960,0.0540,0.0376,0.0279,0.20,-0.3579,-0.3091,-0.4241
59.150,0.5933,0.0545,0.0308,0.0280,0.20,-0.3502,-0.3032,-0.4134
59.250,0.5905,0.0550,0.0243,0.0280,0.20,-0.3426,-0.2974,-0.4030
59.350,0.5878,0.0555,0.0178,0.0281,0.20,-0.3351,-0.2917,-0.3928
59.450,0.5850,0.0560,0.0115,0.0281,0.20,-0.3277,-0.2860,-0.3828
59.550,0.5822,0.0565,0.0052,0.0281,0.20,-0.3204,-0.2805,-0.3731
59.650,0.5795,0.0570,-0.0008,0.0282,0.20,-0.3133,-0.2749,-0.3635
59.750,0.5767,0.0575,-0.0068,0.0282,0.20,-0.3063,-0.2695,-0.3542
59.850,0.5739,0.0580,-0.0126,0.0283,0.20,-0.2994,-0.2641,-0.3451
59.950,0.5711,0.0586,-0.0183,0.0283,0.20,-0.2926,-0.2587,-0.3362
60.050,0.5683,0.0591,-0.0238,0.0284,0.20,-0.2859,-0.2535,-0.3275
60.150,0.5655,0.0596,-0.0293,0.0284,0.20,-0.2794,-0.2483,-0.3190
60.250,0.5627,0.0601,-0.0348,0.0284,0.20,-0.2727,-0.2430,-0.3105
60.350,0.5600,0.0607,-0.0400,0.0282,0.20,-0.2666,-0.2381,-0.3025
60.450,0.5572,0.0612,-0.0454,0.0283,0.20,-0.2601,-0.2329,-0.2943
60.550,0.5544,0.0617,-0.0505,0.0283,0.20,-0.2538,-0.2278,-0.2863
60.650,0.5516,0.0622,-0.0564,0.0284,0.20,-0.2470,-0.2223,-0.2777
60.750,0.5488,0.0626,-0.0623,0.0284,0.20,-0.2401,-0.2167,-0.2691
60.850,0.5460,0.0631,-0.0681,0.0284,0.20,-0.2333,-0.2111,-0.2606
60.950,0.5432,0.0636,-0.0737,0.0285,0.20,-0.2267,-0.2057,-0.2524
61.050,0.5404,0.0641,-0.0790,0.0285,0.20,-0.2204,-0.2004,-0.2446
61.150,0.5376,0.0646,-0.0839,0.0286,0.20,-0.2143,-0.1953,-0.2372
61.250,0.5348,0.0652,-0.0887,0.0285,0.20,-0.2084,-0.1904,-0.2300
61.350,0.5320,0.0657,-0.0933,0.0286,0.20,-0.2026,-0.1856,-0.2230
61.450,0.5292,0.0663,-0.0978,0.0286,0.20,-0.1969,-0.1808,-0.2161
61.550,0.5263,0.0668,-0.1022,0.0286,0.20,-0.1913,-0.1761,-0.2095
61.650,0.5235,0.0674,-0.1065,0.0286,0.20,-0.1859,-0.1714,-0.2030
61.750,0.5207,0.0680,-0.1106,0.0286,0.20,-0.1805,-0.1668,-0.1966
61.850,0.5179,0.0686,-0.1147,0.0287,0.20,-0.1752,-0.1623,-0.1904
61.950,0.5151,0.0691,-0.1187,0.0287,0.20,-0.1701,-0.1579,-0.1843
62.050,0.5123,0.0697,-0.1225,0.0287,0.20,-0.1650,-0.1535,-0.1784
62.150,0.5095,0.0703,-0.1262,0.0287,0.20,-0.1600,-0.1492,-0.1726
62.250,0.5067,0.0709,-0.1299,0.0288,0.20,-0.1551,-0.1449,-0.1669
62.350,0.5039,0.0715,-0.1334,0.0288,0.20,-0.1504,-0.1407,-0.1614
62.450,0.5010,0.0721,-0.1368,0.0288,0.20,-0.1457,-0.1366,-0.1560
62.550,0.4982,0.0727,-0.1402,0.0288,0.20,-0.1411,-0.1326,-0.1508
62.650,0.4954,0.0733,-0.1434,0.0288,0.20,-0.1366,-0.1286,-0.1456
62.750,0.4926,0.0739,-0.1465,0.0289,0.20,-0.1322,-0.1246,-0.1406
62.850,0.4898,0.0745,-0.1496,0.0289,0.20,-0.1278,-0.1208,-0.1357
62.950,0.4869,0.0751,-0.1525,0.0289,0.20,-0.1236,-0.1170,-0.1310
63.050,0.4841,0.0757,-0.1554,0.0289,0.20,-0.1194,-0.1132,-0.1263
63.150,0.4813,0.0764,-0.1582,0.0289,0.20,-0.1153,-0.1096,-0.1217
63.250,0.4785,0.0770,-0.1608,0.0289,0.20,-0.1113,-0.1060,-0.1173
63.350,0.4756,0.0776,-0.1634,0.0289,0.20,-0.1074,-0.1024,-0.1130
63.450,0.4728,0.0782,-0.1660,0.0290,0.20,-0.1036,-0.0989,-0.1087
63.550,0.4700,0.0789,-0.1684,0.0290,0.20,-0.0998,-0.0955,-0.1046
63.650,0.4672,0.0795,-0.1707,0.0290,0.20,-0.0961,-0.0921,-0.1006
63.750,0.4643,0.0801,-0.1730,0.0290,0.20,-0.0925,-0.0888,-0.0966
63.850,0.4615,0.0807,-0.1752,0.0290,0.20,-0.0890,-0.0855,-0.0928
63.950,0.4587,0.0814,-0.1773,0.0290,0.20,-0.0855,-0.0823,-0.0890
64.050,0.4558,0.0820,-0.1794,0.0290,0.20,-0.0821,-0.0792,-0.0853
64.150,0.4530,0.0827,-0.1813,0.0290,0.20,-0.0788,-0.0761,-0.0817
64.250,0.4502,0.0833,-0.1832,0.0291,0.20,-0.0755,-0.0730,-0.0782
64.350,0.4473,0.0839,-0.1851,0.0291,0.20,-0.0724,-0.0700,-0.0748
64.450,0.4445,0.0846,-0.1868,0.0291,0.20,-0.0692,-0.0671,-0.0715
64.550,0.4417,0.0852,-0.1885,0.0291,0.20,-0.0662,-0.0642,-0.0682
64.650,0.4388,0.0859,-0.1901,0.0291,0.20,-0.0632,-0.0614,-0.0651
64.750,0.4360,0.0865,-0.1917,0.0291,0.20,-0.0602,-0.0586,-0.0619
64.850,0.4331,0.0872,-0.1932,0.0291,0.20,-0.0574,-0.0559,-0.0589
64.950,0.4303,0.0878,-0.1946,0.0291,0.20,-0.0546,-0.0532,-0.0560
65.050,0.4275,0.0884,-0.1960,0.0291,0.20,-0.0518,-0.0506,-0.0531
65.150,0.4246,0.0891,-0.1973,0.0291,0.20,-0.0491,-0.0480,-0.0502
65.250,0.4218,0.0897,-0.1985,0.0291,0.20,-0.0465,-0.0455,-0.0475
65.350,0.4189,0.0904,-0.1997,0.0291,0.20,-0.0439,-0.0431,-0.0448
65.450,0.4161,0.0910,-0.2008,0.0291,0.20,-0.0414,-0.0406,-0.0422
65.550,0.4133,0.0917,-0.2019,0.0291,0.20,-0.0390,-0.0383,-0.0397
65.650,0.4104,0.0923,-0.2029,0.0291,0.20,-0.0366,-0.0360,-0.0372
65.750,0.4076,0.0930,-0.2039,0.0292,0.20,-0.0342,-0.0337,-0.0347
65.850,0.4047,0.0936,-0.2048,0.0292,0.20,-0.0319,-0.0314,-0.0324
65.950,0.4019,0.0943,-0.2057,0.0292,0.20,-0.0297,-0.0293,-0.0301
66.050,0.3991,0.0949,-0.2065,0.0292,0.20,-0.0275,-0.0271,-0.0278
66.150,0.3962,0.0956,-0.2072,0.0292,0.20,-0.0253,-0.0250,-0.0256
66.250,0.3934,0.0962,-0.2080,0.0292,0.20,-0.0232,-0.0230,-0.0235
66.350,0.3905,0.0969,-0.2086,0.0292,0.20,-0.0212,-0.0209,-0.0214
66.450,0.3877,0.0975,-0.2093,0.0292,0.20,-0.0191,-0.0190,-0.0193
66.550,0.3848,0.0981,-0.2098,0.0292,0.20,-0.0172,-0.0170,-0.0173
66.650,0.3820,0.0988,-0.2104,0.0292,0.20,-0.0153,-0.0152,-0.0154
66.750,0.3791,0.0994,-0.2109,0.0292,0.20,-0.0134,-0.0133,-0.0135
66.850,0.3763,0.1001,-0.2113,0.0292,0.20,-0.0116,-0.0115,-0.0116
66.950,0.3734,0.1007,-0.2117,0.0292,0.20,-0.0098,-0.0097,-0.0098
67.050,0.3706,0.1013,-0.2121,0.0292,0.20,-0.0080,-0.0080,-0.0080
67.150,0.3677,0.1020,-0.2124,0.0292,0.20,-0.0063,-0.0063,-0.0063
67.250,0.3649,0.1026,-0.2127,0.0292,0.20,-0.0046,-0.0046,-0.0047
67.350,0.3620,0.1032,-0.2130,0.0292,0.20,-0.0030,-0.0030,-0.0030
67.450,0.3592,0.1039,-0.2132,0.0292,0.20,-0.0014,-0.0014,-0.0014
67.550,0.3563,0.1045,-0.2134,0.0292,0.20,0.0001,0.0001,0.0001
67.650,0.3535,0.1051,-0.2135,0.0292,0.20,0.0016,0.0016,0.0016
67.750,0.3506,0.1058,-0.2136,0.0292,0.20,0.0031,0.0031,0.0031
67.850,0.3478,0.1064,-0.2137,0.0292,0.20,0.0045,0.0046,0.0045
67.950,0.3449,0.1070,-0.2138,0.0292,0.20,0.0059,0.0060,0.0059
68.050,0.3421,0.1076,-0.2138,0.0292,0.20,0.0073,0.0073,0.0073
68.150,0.3392,0.1083,-0.2138,0.0292,0.20,0.0087,0.0087,0.0086
68.250,0.3364,0.1089,-0.2137,0.0292,0.20,0.0100,0.0100,0.0099
68.350,0.3335,0.1095,-0.2136,0.0292,0.20,0.0112,0.0113,0.0112
68.450,0.3307,0.1101,-0.2135,0.0292,0.20,0.0125,0.0125,0.0124
68.550,0.3278,0.1107,-0.2134,0.0292,0.20,0.0137,0.0137,0.0136
68.650,0.3250,0.1113,-0.2132,0.0292,0.20,0.0148,0.0149,0.0147
68.750,0.3221,0.1119,-0.2130,0.0292,0.20,0.0160,0.0161,0.0158
68.850,0.3193,0.1126,-0.2128,0.0292,0.20,0.0171,0.0172,0.0169
68.950,0.3164,0.1132,-0.2126,0.0292,0.20,0.0182,0.0183,0.0180
69.050,0.3135,0.1138,-0.2123,0.0292,0.20,0.0192,0.0194,0.0190
69.150,0.3107,0.1144,-0.2120,0.0292,0.20,0.0202,0.0204,0.0200
69.250,0.3078,0.1150,-0.2117,0.0292,0.20,0.0212,0.0214,0.0210
69.350,0.3050,0.1156,-0.2114,0.0292,0.20,0.0222,0.0224,0.0220
69.450,0.3021,0.1162,-0.2110,0.0292,0.20,0.0231,0.0234,0.0229
69.550,0.2993,0.1168,-0.2106,0.0292,0.20,0.0241,0.0243,0.0238
69.650,0.2964,0.1173,-0.2102,0.0292,0.20,0.0249,0.0252,0.0247
69.750,0.2935,0.1179,-0.2098,0.0292,0.20,0.0258,0.0261,0.0255
69.850,0.2907,0.1185,-0.2093,0.0292,0.20,0.0266,0.0270,0.0263
69.950,0.2878,0.1191,-0.2089,0.0292,0.20,0.0275,0.0278,0.0271
70.050,0.2850,0.1197,-0.2084,0.0292,0.20,0.0283,0.0286,0.0279
70.150,0.2821,0.1203,-0.2079,0.0292,0.20,0.0290,0.0294,0.0286
70.250,0.2792,0.1208,-0.2074,0.0292,0.20,0.0298,0.0302,0.0294
70.350,0.2764,0.1214,-0.2068,0.0292,0.20,0.0305,0.0309,0.0301
70.450,0.2735,0.1220,-0.2063,0.0292,0.20,0.0312,0.0317,0.0308
70.550,0.2706,0.1226,-0.2057,0.0292,0.20,0.0319,0.0324,0.0314
70.650,0.2678,0.1231,-0.2052,0.0292,0.20,0.0326,0.0331,0.0321
70.750,0.2649,0.1237,-0.2046,0.0292,0.20,0.0332,0.0337,0.0327
70.850,0.2621,0.1242,-0.2040,0.0292,0.20,0.0339,0.0344,0.0333
70.950,0.2592,0.1248,-0.2034,0.0292,0.20,0.0345,0.0350,0.0339
71.050,0.2563,0.1254,-0.2027,0.0292,0.20,0.0351,0.0356,0.0345
71.150,0.2535,0.1259,-0.2021,0.0292,0.20,0.0356,0.0362,0.0351
71.250,0.2506,0.1265,-0.2015,0.0292,0.20,0.0362,0.0368,0.0356
71.350,0.2477,0.1270,-0.2008,0.0292,0.20,0.0367,0.0374,0.0361
71.450,0.2449,0.1275,-0.2001,0.0292,0.20,0.0373,0.0379,0.0366
71.550,0.2420,0.1281,-0.1994,0.0292,0.20,0.0378,0.0385,0.0371
71.650,0.2391,0.1286,-0.1988,0.0292,0.20,0.0383,0.0390,0.0376
71.750,0.2363,0.1292,-0.1981,0.0292,0.20,0.0388,0.0395,0.0381
71.850,0.2334,0.1297,-0.1974,0.0292,0.20,0.0393,0.0400,0.0386
71.950,0.2305,0.1302,-0.1967,0.0292,0.20,0.0398,0.0405,0.0390
72.050,0.2277,0.1307,-0.1960,0.0292,0.20,0.0402,0.0410,0.0395
72.150,0.2248,0.1313,-0.1953,0.0292,0.20,0.0406,0.0414,0.0399
72.250,0.2219,0.1318,-0.1946,0.0292,0.20,0.0411,0.0419,0.0403
72.350,0.2190,0.1323,-0.1938,0.0292,0.20,0.0415,0.0423,0.0407
72.450,0.2162,0.1328,-0.1931,0.0292,0.20,0.0419,0.0427,0.0411
72.550,0.2133,0.1333,-0.1923,0.0292,0.20,0.0422,0.0431,0.0414
72.650,0.2104,0.1338,-0.1915,0.0292,0.20,0.0426,0.0434,0.0418
72.750,0.2075,0.1343,-0.1908,0.0292,0.20,0.0429,0.0438,0.0421
72.850,0.2047,0.1348,-0.1900,0.0292,0.20,0.0433,0.0441,0.0424
72.950,0.2018,0.1353,-0.1892,0.0292,0.20,0.0436,0.0445,0.0427
73.050,0.1989,0.1358,-0.1884,0.0292,0.20,0.0439,0.0448,0.0430
73.150,0.1961,0.1363,-0.1876,0.0292,0.20,0.0442,0.0451,0.0433
73.250,0.1932,0.1368,-0.1868,0.0292,0.20,0.0445,0.0454,0.0436
73.350,0.1903,0.1373,-0.1860,0.0292,0.20,0.0447,0.0457,0.0438
73.450,0.1874,0.1378,-0.1851,0.0292,0.20,0.0450,0.0459,0.0441
73.550,0.1845,0.1383,-0.1843,0.0292,0.20,0.0452,0.0462,0.0443
73.650,0.1817,0.1388,-0.1835,0.0292,0.20,0.0455,0.0464,0.0445
73.750,0.1788,0.1392,-0.1826,0.0292,0.20,0.0457,0.0467,0.0447
73.850,0.1759,0.1397,-0.1818,0.0292,0.20,0.0459,0.0469,0.0449
73.950,0.1730,0.1402,-0.1809,0.0292,0.20,0.0461,0.0471,0.0451
74.050,0.1702,0.1407,-0.1801,0.0292,0.20,0.0463,0.0473,0.0453
74.150,0.1673,0.1411,-0.1792,0.0292,0.20,0.0465,0.0475,0.0455
74.250,0.1644,0.1416,-0.1783,0.0292,0.20,0.0466,0.0476,0.0456
74.350,0.1615,0.1420,-0.1775,0.0292,0.20,0.0468,0.0478,0.0458
74.450,0.1586,0.1425,-0.1766,0.0292,0.20,0.0469,0.0480,0.0459
74.550,0.1558,0.1430,-0.1757,0.0292,0.20,0.0471,0.0481,0.0461
74.650,0.1529,0.1434,-0.1748,0.0292,0.20,0.0472,0.0482,0.0462
74.750,0.1500,0.1439,-0.1739,0.0292,0.20,0.0473,0.0484,0.0463
74.850,0.1471,0.1443,-0.1731,0.0292,0.20,0.0474,0.0485,0.0464
74.950,0.1442,0.1448,-0.1722,0.0292,0.20,0.0475,0.0486,0.0465
75.050,0.1413,0.1452,-0.1713,0.0292,0.20,0.0476,0.0487,0.0466
75.150,0.1385,0.1456,-0.1704,0.0292,0.20,0.0477,0.0488,0.0467
75.250,0.1356,0.1461,-0.1695,0.0292,0.20,0.0478,0.0489,0.0468
75.350,0.1327,0.1465,-0.1686,0.0292,0.20,0.0479,0.0490,0.0469
75.450,0.1298,0.1469,-0.1677,0.0292,0.20,0.0480,0.0490,0.0469
75.550,0.1269,0.1474,-0.1668,0.0292,0.20,0.0480,0.0491,0.0470
75.650,0.1240,0.1478,-0.1659,0.0292,0.20,0.0481,0.0491,0.0470
75.750,0.1211,0.1482,-0.1650,0.0292,0.20,0.0481,0.0492,0.0471
75.850,0.1183,0.1486,-0.1641,0.0292,0.20,0.0482,0.0492,0.0471
75.950,0.1154,0.1490,-0.1632,0.0292,0.20,0.0482,0.0493,0.0471
76.050,0.1125,0.1495,-0.1623,0.0292,0.20,0.0482,0.0493,0.0472
76.150,0.1096,0.1499,-0.1614,0.0292,0.20,0.0482,0.0493,0.0472
76.250,0.1067,0.1503,-0.1605,0.0292,0.20,0.0482,0.0493,0.0472
76.350,0.1038,0.1507,-0.1596,0.0292,0.20,0.0483,0.0493,0.0472
76.450,0.1009,0.1511,-0.1587,0.0292,0.20,0.0483,0.0494,0.0472
76.550,0.0980,0.1515,-0.1578,0.0292,0.20,0.0483,0.0493,0.0472
76.650,0.0951,0.1519,-0.1569,0.0292,0.20,0.0482,0.0493,0.0472
76.750,0.0923,0.1523,-0.1560,0.0292,0.20,0.0482,0.0493,0.0472
76.850,0.0894,0.1527,-0.1551,0.0292,0.20,0.0482,0.0493,0.0472
76.950,0.0865,0.1531,-0.1542,0.0292,0.20,0.0482,0.0493,0.0472
77.050,0.0836,0.1535,-0.1533,0.0292,0.20,0.0482,0.0492,0.0471
77.150,0.0807,0.1538,-0.1524,0.0292,0.20,0.0481,0.0492,0.0471
77.250,0.0778,0.1542,-0.1515,0.0293,0.20,0.0481,0.0492,0.0471
77.350,0.0749,0.1546,-0.1510,0.0292,0.20,0.0484,0.0495,0.0473
77.450,0.0720,0.1550,-0.1506,0.0291,0.20,0.0488,0.0500,0.0478
77.550,0.0691,0.1554,-0.1504,0.0291,0.20,0.0495,0.0506,0.0484
77.650,0.0663,0.1557,-0.1502,0.0288,0.20,0.0501,0.0512,0.0489
77.750,0.0634,0.1561,-0.1499,0.0288,0.20,0.0506,0.0518,0.0495
77.850,0.0605,0.1564,-0.1495,0.0288,0.20,0.0510,0.0522,0.0498
77.950,0.0577,0.1568,-0.1488,0.0292,0.20,0.0512,0.0524,0.0500
78.050,0.0547,0.1571,-0.1479,0.0293,0.20,0.0510,0.0522,0.0498
78.150,0.0519,0.1575,-0.1470,0.0292,0.20,0.0509,0.0522,0.0498
78.250,0.0490,0.1578,-0.1462,0.0292,0.20,0.0508,0.0520,0.0497
78.350,0.0460,0.1582,-0.1454,0.0294,0.20,0.0509,0.0521,0.0497
78.450,0.0431,0.1585,-0.1449,0.0295,0.20,0.0512,0.0525,0.0501
78.550,0.0402,0.1589,-0.1444,0.0293,0.20,0.0515,0.0528,0.0503
78.650,0.0373,0.1592,-0.1439,0.0293,0.20,0.0518,0.0530,0.0506
78.750,0.0344,0.1596,-0.1434,0.0293,0.20,0.0520,0.0533,0.0508
78.850,0.0315,0.1599,-0.1429,0.0291,0.20,0.0523,0.0536,0.0511
78.950,0.0286,0.1603,-0.1425,0.0290,0.20,0.0527,0.0540,0.0514
79.050,0.0257,0.1606,-0.1422,0.0289,0.20,0.0531,0.0544,0.0518
79.150,0.0229,0.1610,-0.1418,0.0287,0.20,0.0534,0.0547,0.0521
79.250,0.0200,0.1613,-0.1413,0.0289,0.20,0.0537,0.0551,0.0524
79.350,0.0171,0.1616,-0.1409,0.0290,0.00,0.4924,0.6183,0.4066
79.450,0.0138,0.1620,-0.1532,0.0344,0.00,0.5021,0.6329,0.4134
79.550,0.0094,0.1628,-0.1742,0.0491,0.00,0.5160,0.6541,0.4230
79.650,0.0033,0.1623,-0.1821,0.0653,0.00,0.5138,0.6507,0.4215
79.750,-0.0019,0.1613,-0.1725,0.0463,0.00,0.5130,0.6495,0.4210
79.850,-0.0056,0.1608,-0.1576,0.0354,0.00,0.5035,0.6351,0.4144
79.950,-0.0088,0.1604,-0.1447,0.0305,0.00,0.4927,0.6188,0.4068
80.050,-0.0116,0.1600,-0.1347,0.0282,0.00,0.4832,0.6046,0.4002
80.150,-0.0143,0.1595,-0.1257,0.0276,0.00,0.4738,0.5904,0.3935
80.250,-0.0170,0.1591,-0.1170,0.0273,0.00,0.4643,0.5764,0.3868
80.350,-0.0197,0.1586,-0.1085,0.0274,0.00,0.4549,0.5625,0.3801
80.450,-0.0224,0.1582,-0.1002,0.0275,0.00,0.4456,0.5489,0.3735
80.550,-0.0251,0.1577,-0.0921,0.0275,0.00,0.4366,0.5356,0.3670
80.650,-0.0279,0.1573,-0.0841,0.0276,0.00,0.4276,0.5226,0.3605
80.750,-0.0306,0.1568,-0.0763,0.0277,0.00,0.4188,0.5099,0.3541
80.850,-0.0333,0.1563,-0.0686,0.0277,0.00,0.4102,0.4975,0.3478
80.950,-0.0360,0.1558,-0.0612,0.0278,0.00,0.4017,0.4854,0.3416
81.050,-0.0388,0.1554,-0.0538,0.0278,0.00,0.3933,0.4735,0.3355
81.150,-0.0415,0.1549,-0.0466,0.0279,0.00,0.3851,0.4619,0.3294
81.250,-0.0443,0.1544,-0.0396,0.0279,0.00,0.3770,0.4506,0.3234
81.350,-0.0470,0.1539,-0.0327,0.0281,0.00,0.3690,0.4394,0.3174
81.450,-0.0498,0.1533,-0.0259,0.0281,0.00,0.3612,0.4286,0.3116
81.550,-0.0526,0.1528,-0.0194,0.0282,0.00,0.3536,0.4181,0.3058
81.650,-0.0553,0.1523,-0.0130,0.0282,0.00,0.3461,0.4078,0.3001
81.750,-0.0581,0.1518,-0.0067,0.0283,0.00,0.3387,0.3978,0.2945
81.850,-0.0609,0.1513,-0.0005,0.0283,0.00,0.3315,0.3879,0.2890
81.950,-0.0637,0.1507,0.0055,0.0283,0.00,0.3243,0.3783,0.2835
82.050,-0.0665,0.1502,0.0114,0.0284,0.00,0.3173,0.3689,0.2781
82.150,-0.0692,0.1497,0.0172,0.0284,0.00,0.3104,0.3597,0.2727
82.250,-0.0720,0.1491,0.0229,0.0284,0.00,0.3036,0.3507,0.2674
82.350,-0.0748,0.1486,0.0284,0.0285,0.00,0.2969,0.3419,0.2622
82.450,-0.0776,0.1480,0.0339,0.0285,0.00,0.2903,0.3333,0.2570
82.550,-0.0804,0.1475,0.0392,0.0285,0.00,0.2839,0.3248,0.2519
82.650,-0.0832,0.1469,0.0444,0.0285,0.00,0.2775,0.3166,0.2468
82.750,-0.0860,0.1463,0.0495,0.0286,0.00,0.2712,0.3085,0.2418
82.850,-0.0888,0.1458,0.0545,0.0286,0.00,0.2650,0.3006,0.2369
82.950,-0.0916,0.1452,0.0594,0.0286,0.00,0.2590,0.2929,0.2320
83.050,-0.0944,0.1446,0.0642,0.0287,0.00,0.2529,0.2852,0.2271
83.150,-0.0972,0.1440,0.0689,0.0287,0.00,0.2470,0.2777,0.2223
83.250,-0.1000,0.1434,0.0736,0.0287,0.00,0.2411,0.2704,0.2175
83.350,-0.1029,0.1429,0.0782,0.0287,0.00,0.2354,0.2632,0.2128
83.450,-0.1057,0.1423,0.0826,0.0288,0.00,0.2297,0.2561,0.2081
83.550,-0.1085,0.1417,0.0870,0.0288,0.00,0.2241,0.2492,0.2035
83.650,-0.1113,0.1411,0.0913,0.0288,0.00,0.2185,0.2424,0.1989
83.750,-0.1141,0.1405,0.0955,0.0289,0.00,0.2131,0.2357,0.1943
83.850,-0.1170,0.1399,0.0997,0.0289,0.00,0.2077,0.2291,0.1898
83.950,-0.1198,0.1393,0.1037,0.0289,0.00,0.2024,0.2227,0.1854
84.050,-0.1226,0.1387,0.1076,0.0289,0.00,0.1972,0.2165,0.1810
84.150,-0.1254,0.1381,0.1115,0.0289,0.00,0.1921,0.2103,0.1767
84.250,-0.1283,0.1374,0.1152,0.0290,0.00,0.1870,0.2043,0.1724
84.350,-0.1311,0.1368,0.1189,0.0290,0.00,0.1821,0.1985,0.1682
84.450,-0.1339,0.1362,0.1224,0.0290,0.00,0.1772,0.1927,0.1640
84.550,-0.1368,0.1356,0.1259,0.0290,0.00,0.1724,0.1871,0.1599
84.650,-0.1396,0.1350,0.1293,0.0290,0.00,0.1677,0.1815,0.1559
84.750,-0.1424,0.1343,0.1327,0.0289,0.00,0.1631,0.1761,0.1518
84.850,-0.1452,0.1337,0.1360,0.0289,0.00,0.1585,0.1708,0.1479
84.950,-0.1481,0.1331,0.1392,0.0290,0.00,0.1540,0.1656,0.1439
85.050,-0.1509,0.1324,0.1423,0.0290,0.00,0.1495,0.1604,0.1400
85.150,-0.1537,0.1318,0.1454,0.0290,0.00,0.1451,0.1554,0.1361
85.250,-0.1565,0.1312,0.1484,0.0290,0.00,0.1408,0.1505,0.1323
85.350,-0.1594,0.1305,0.1513,0.0290,0.00,0.1366,0.1457,0.1286
85.450,-0.1622,0.1299,0.1541,0.0290,0.00,0.1324,0.1409,0.1249
85.550,-0.1650,0.1292,0.1568,0.0290,0.00,0.1284,0.1363,0.1213
85.650,-0.1679,0.1286,0.1595,0.0291,0.00,0.1243,0.1318,0.1177
85.750,-0.1707,0.1280,0.1620,0.0291,0.00,0.1204,0.1274,0.1142
85.850,-0.1735,0.1273,0.1645,0.0291,0.00,0.1166,0.1231,0.1107
85.950,-0.1764,0.1267,0.1669,0.0291,0.00,0.1128,0.1190,0.1073
86.050,-0.1792,0.1260,0.1692,0.0291,0.00,0.1091,0.1149,0.1040
86.150,-0.1821,0.1254,0.1715,0.0291,0.00,0.1055,0.1108,0.1007
86.250,-0.1849,0.1247,0.1737,0.0291,0.00,0.1019,0.1069,0.0974
86.350,-0.1877,0.1241,0.1759,0.0291,0.00,0.0984,0.1030,0.0942
86.450,-0.1906,0.1234,0.1780,0.0291,0.00,0.0949,0.0992,0.0910
86.550,-0.1934,0.1227,0.1800,0.0291,0.00,0.0915,0.0955,0.0878
86.650,-0.1963,0.1221,0.1820,0.0291,0.00,0.0881,0.0918,0.0847
86.750,-0.1991,0.1214,0.1839,0.0291,0.00,0.0848,0.0882,0.0816
86.850,-0.2019,0.1208,0.1858,0.0291,0.00,0.0815,0.0847,0.0786
86.950,-0.2048,0.1201,0.1876,0.0291,0.00,0.0783,0.0812,0.0756
87.050,-0.2076,0.1195,0.1894,0.0291,0.00,0.0752,0.0779,0.0727
87.150,-0.2104,0.1188,0.1911,0.0291,0.00,0.0721,0.0745,0.0698
87.250,-0.2133,0.1181,0.1928,0.0291,0.00,0.0690,0.0712,0.0669
87.350,-0.2161,0.1175,0.1944,0.0291,0.00,0.0660,0.0680,0.0640
87.450,-0.2189,0.1168,0.1960,0.0291,0.00,0.0630,0.0649,0.0612
87.550,-0.2218,0.1162,0.1976,0.0291,0.00,0.0601,0.0617,0.0584
87.650,-0.2246,0.1155,0.1991,0.0291,0.00,0.0571,0.0587,0.0557
87.750,-0.2274,0.1149,0.2006,0.0291,0.00,0.0542,0.0556,0.0529
87.850,-0.2303,0.1142,0.2019,0.0291,0.00,0.0515,0.0527,0.0503
87.950,-0.2331,0.1135,0.2032,0.0291,0.00,0.0488,0.0499,0.0477
88.050,-0.2360,0.1129,0.2044,0.0292,0.00,0.0462,0.0472,0.0452
88.150,-0.2388,0.1122,0.2055,0.0292,0.00,0.0436,0.0445,0.0428
88.250,-0.2416,0.1115,0.2065,0.0292,0.00,0.0411,0.0419,0.0404
88.350,-0.2445,0.1109,0.2076,0.0292,0.00,0.0387,0.0394,0.0380
88.450,-0.2473,0.1102,0.2085,0.0292,0.00,0.0363,0.0369,0.0357
88.550,-0.2502,0.1095,0.2095,0.0292,0.00,0.0339,0.0345,0.0334
88.650,-0.2530,0.1089,0.2104,0.0293,0.00,0.0316,0.0321,0.0311
88.750,-0.2559,0.1082,0.2112,0.0293,0.00,0.0293,0.0297,0.0290
88.850,-0.2587,0.1076,0.2120,0.0293,0.00,0.0272,0.0275,0.0268
88.950,-0.2616,0.1069,0.2128,0.0293,0.00,0.0250,0.0253,0.0247
89.050,-0.2645,0.1063,0.2134,0.0293,0.00,0.0229,0.0232,0.0227
89.150,-0.2673,0.1056,0.2141,0.0293,0.00,0.0209,0.0211,0.0207
89.250,-0.2702,0.1049,0.2147,0.0293,0.00,0.0189,0.0191,0.0187
89.350,-0.2730,0.1043,0.2152,0.0293,0.00,0.0170,0.0171,0.0168
89.450,-0.2759,0.1036,0.2157,0.0293,0.00,0.0151,0.0152,0.0150
89.550,-0.2787,0.1030,0.2162,0.0293,0.00,0.0132,0.0133,0.0131
89.650,-0.2816,0.1024,0.2166,0.0293,0.00,0.0114,0.0115,0.0113
89.750,-0.2845,0.1017,0.2170,0.0293,0.00,0.0096,0.0097,0.0096
89.850,-0.2873,0.1011,0.2173,0.0293,0.00,0.0079,0.0079,0.0079
89.950,-0.2902,0.1004,0.2177,0.0293,0.00,0.0062,0.0062,0.0062
90.050,-0.2930,0.0998,0.2179,0.0293,0.00,0.0046,0.0046,0.0046
90.150,-0.2959,0.0992,0.2181,0.0293,0.00,0.0030,0.0030,0.0030
90.250,-0.2988,0.0985,0.2183,0.0293,0.00,0.0014,0.0014,0.0014
90.350,-0.3016,0.0979,0.2185,0.0293,0.00,-0.0001,-0.0001,-0.0001
90.450,-0.3045,0.0973,0.2186,0.0293,0.00,-0.0016,-0.0016,-0.0016
90.550,-0.3074,0.0966,0.2187,0.0293,0.00,-0.0031,-0.0030,-0.0031
90.650,-0.3102,0.0960,0.2188,0.0293,0.00,-0.0045,-0.0045,-0.0045
90.750,-0.3131,0.0954,0.2188,0.0293,0.00,-0.0058,-0.0058,-0.0059
90.850,-0.3160,0.0948,0.2188,0.0293,0.00,-0.0072,-0.0072,-0.0072
90.950,-0.3188,0.0941,0.2187,0.0293,0.00,-0.0085,-0.0085,-0.0085
91.050,-0.3217,0.0935,0.2187,0.0293,0.00,-0.0098,-0.0097,-0.0098
91.150,-0.3246,0.0929,0.2186,0.0293,0.00,-0.0110,-0.0110,-0.0111
91.250,-0.3274,0.0923,0.2185,0.0293,0.00,-0.0122,-0.0122,-0.0123
91.350,-0.3303,0.0917,0.2183,0.0293,0.00,-0.0134,-0.0133,-0.0135
91.450,-0.3332,0.0911,0.2181,0.0293,0.00,-0.0145,-0.0144,-0.0146
91.550,-0.3360,0.0905,0.2179,0.0293,0.00,-0.0157,-0.0155,-0.0158
91.650,-0.3389,0.0898,0.2177,0.0293,0.00,-0.0167,-0.0166,-0.0169
91.750,-0.3418,0.0892,0.2174,0.0293,0.00,-0.0178,-0.0177,-0.0179
91.850,-0.3446,0.0886,0.2171,0.0293,0.00,-0.0188,-0.0187,-0.0190
91.950,-0.3475,0.0880,0.2168,0.0293,0.00,-0.0198,-0.0196,-0.0200
92.050,-0.3504,0.0875,0.2165,0.0293,0.00,-0.0208,-0.0206,-0.0210
92.150,-0.3533,0.0869,0.2162,0.0293,0.00,-0.0217,-0.0215,-0.0220
92.250,-0.3561,0.0863,0.2158,0.0293,0.00,-0.0227,-0.0224,-0.0229
92.350,-0.3590,0.0857,0.2154,0.0293,0.00,-0.0235,-0.0233,-0.0238
92.450,-0.3619,0.0851,0.2150,0.0293,0.00,-0.0244,-0.0241,-0.0247
92.550,-0.3648,0.0845,0.2146,0.0293,0.00,-0.0253,-0.0250,-0.0256
92.650,-0.3676,0.0839,0.2141,0.0293,0.00,-0.0261,-0.0258,-0.0264
92.750,-0.3705,0.0833,0.2136,0.0293,0.00,-0.0269,-0.0265,-0.0272
92.850,-0.3734,0.0828,0.2131,0.0293,0.00,-0.0276,-0.0273,-0.0280
92.950,-0.3763,0.0822,0.2126,0.0293,0.00,-0.0284,-0.0280,-0.0288
93.050,-0.3791,0.0816,0.2121,0.0293,0.00,-0.0291,-0.0287,-0.0295
93.150,-0.3820,0.0811,0.2116,0.0293,0.00,-0.0298,-0.0294,-0.0302
93.250,-0.3849,0.0805,0.2110,0.0293,0.00,-0.0305,-0.0301,-0.0309
93.350,-0.3878,0.0799,0.2104,0.0293,0.00,-0.0312,-0.0307,-0.0316
93.450,-0.3906,0.0794,0.2098,0.0293,0.00,-0.0318,-0.0314,-0.0323
93.550,-0.3935,0.0788,0.2092,0.0293,0.00,-0.0324,-0.0320,-0.0329
93.650,-0.3964,0.0783,0.2086,0.0293,0.00,-0.0330,-0.0325,-0.0335
93.750,-0.3993,0.0777,0.2080,0.0293,0.00,-0.0336,-0.0331,-0.0341
93.850,-0.4022,0.0772,0.2074,0.0293,0.00,-0.0342,-0.0337,-0.0347
93.950,-0.4050,0.0766,0.2067,0.0293,0.00,-0.0347,-0.0342,-0.0353
94.050,-0.4079,0.0761,0.2060,0.0293,0.00,-0.0353,-0.0347,-0.0358
94.150,-0.4108,0.0755,0.2053,0.0293,0.00,-0.0358,-0.0352,-0.0364
94.250,-0.4137,0.0750,0.2046,0.0293,0.00,-0.0363,-0.0357,-0.0369
94.350,-0.4166,0.0745,0.2039,0.0293,0.00,-0.0367,-0.0361,-0.0374
94.450,-0.4195,0.0739,0.2032,0.0293,0.00,-0.0372,-0.0366,-0.0378
94.550,-0.4223,0.0734,0.2025,0.0293,0.00,-0.0376,-0.0370,-0.0383
94.650,-0.4252,0.0729,0.2018,0.0293,0.00,-0.0381,-0.0374,-0.0387
94.750,-0.4281,0.0723,0.2010,0.0293,0.00,-0.0385,-0.0378,-0.0392
94.850,-0.4310,0.0718,0.2003,0.0293,0.00,-0.0389,-0.0382,-0.0396
94.950,-0.4339,0.0713,0.1995,0.0293,0.00,-0.0392,-0.0386,-0.0400
95.050,-0.4368,0.0708,0.1987,0.0293,0.00,-0.0396,-0.0389,-0.0403
95.150,-0.4396,0.0703,0.1979,0.0293,0.00,-0.0400,-0.0392,-0.0407
95.250,-0.4425,0.0698,0.1971,0.0293,0.00,-0.0403,-0.0396,-0.0411
95.350,-0.4454,0.0692,0.1963,0.0293,0.00,-0.0406,-0.0399,-0.0414
95.450,-0.4483,0.0687,0.1955,0.0293,0.00,-0.0409,-0.0402,-0.0417
95.550,-0.4512,0.0682,0.1947,0.0293,0.00,-0.0412,-0.0405,-0.0420
95.650,-0.4541,0.0677,0.1939,0.0293,0.00,-0.0415,-0.0407,-0.0423
95.750,-0.4570,0.0672,0.1931,0.0293,0.00,-0.0418,-0.0410,-0.0426
95.850,-0.4599,0.0667,0.1922,0.0293,0.00,-0.0420,-0.0412,-0.0429
95.950,-0.4627,0.0663,0.1914,0.0293,0.00,-0.0423,-0.0415,-0.0431
96.050,-0.4656,0.0658,0.1905,0.0293,0.00,-0.0425,-0.0417,-0.0434
96.150,-0.4685,0.0653,0.1897,0.0293,0.00,-0.0427,-0.0419,-0.0436
96.250,-0.4714,0.0648,0.1888,0.0293,0.00,-0.0430,-0.0421,-0.0438
96.350,-0.4743,0.0643,0.1880,0.0293,0.00,-0.0432,-0.0423,-0.0440
96.450,-0.4772,0.0638,0.1871,0.0293,0.00,-0.0434,-0.0425,-0.0442
96.550,-0.4801,0.0634,0.1862,0.0293,0.00,-0.0435,-0.0427,-0.0444
96.650,-0.4830,0.0629,0.1853,0.0293,0.00,-0.0437,-0.0428,-0.0446
96.750,-0.4859,0.0624,0.1845,0.0293,0.00,-0.0439,-0.0430,-0.0448
96.850,-0.4888,0.0620,0.1836,0.0293,0.00,-0.0440,-0.0431,-0.0449
96.950,-0.4917,0.0615,0.1827,0.0293,0.00,-0.0442,-0.0433,-0.0451
97.050,-0.4946,0.0610,0.1818,0.0293,0.00,-0.0443,-0.0434,-0.0452
97.150,-0.4974,0.0606,0.1809,0.0293,0.00,-0.0444,-0.0435,-0.0453
97.250,-0.5003,0.0601,0.1800,0.0293,0.00,-0.0445,-0.0436,-0.0454
97.350,-0.5032,0.0597,0.1791,0.0293,0.00,-0.0446,-0.0437,-0.0455
97.450,-0.5061,0.0592,0.1782,0.0293,0.00,-0.0447,-0.0438,-0.0456
97.550,-0.5090,0.0588,0.1773,0.0293,0.00,-0.0448,-0.0439,-0.0457
97.650,-0.5119,0.0583,0.1764,0.0293,0.00,-0.0449,-0.0440,-0.0458
97.750,-0.5148,0.0579,0.1754,0.0293,0.00,-0.0450,-0.0440,-0.0459
97.850,-0.5177,0.0574,0.1745,0.0293,0.00,-0.0450,-0.0441,-0.0460
97.950,-0.5206,0.0570,0.1736,0.0293,0.00,-0.0451,-0.0442,-0.0460
98.050,-0.5235,0.0566,0.1727,0.0293,0.00,-0.0451,-0.0442,-0.0461
98.150,-0.5264,0.0561,0.1718,0.0293,0.00,-0.0452,-0.0442,-0.0461
98.250,-0.5293,0.0557,0.1709,0.0293,0.00,-0.0452,-0.0443,-0.0461
98.350,-0.5322,0.0553,0.1699,0.0293,0.00,-0.0452,-0.0443,-0.0462
98.450,-0.5351,0.0549,0.1690,0.0293,0.00,-0.0452,-0.0443,-0.0462
98.550,-0.5380,0.0545,0.1681,0.0293,0.00,-0.0452,-0.0443,-0.0462
98.650,-0.5409,0.0540,0.1672,0.0293,0.00,-0.0453,-0.0443,-0.0462
98.750,-0.5438,0.0536,0.1662,0.0293,0.00,-0.0453,-0.0443,-0.0462
98.850,-0.5467,0.0532,0.1653,0.0293,0.00,-0.0453,-0.0443,-0.0462
98.950,-0.5496,0.0528,0.1644,0.0293,0.00,-0.0452,-0.0443,-0.0462
99.050,-0.5525,0.0524,0.1635,0.0293,0.00,-0.0452,-0.0443,-0.0462
99.150,-0.5554,0.0520,0.1625,0.0293,0.00,-0.0452,-0.0443,-0.0462
99.250,-0.5583,0.0516,0.1616,0.0293,0.00,-0.0452,-0.0443,-0.0461
99.350,-0.5612,0.0512,0.1607,0.0293,0.00,-0.0451,-0.0442,-0.0461
99.450,-0.5641,0.0508,0.1598,0.0293,0.00,-0.0451,-0.0442,-0.0461
99.550,-0.5670,0.0504,0.1588,0.0293,0.00,-0.0451,-0.0441,-0.0460
99.650,-0.5699,0.0500,0.1579,0.0293,0.00,-0.0450,-0.0441,-0.0460
99.750,-0.5728,0.0496,0.1570,0.0293,0.00,-0.0450,-0.0440,-0.0459
99.850,-0.5757,0.0492,0.1561,0.0293,0.00,-0.0449,-0.0440,-0.0458
99.950,-0.5786,0.0489,0.1551,0.0293,0.00,-0.0448,-0.0439,-0.0458
100.050,-0.5815,0.0485,0.1542,0.0293,0.00,-0.0448,-0.0439,-0.0457
100.150,-0.5844,0.0481,0.1533,0.0293,0.00,-0.0447,-0.0438,-0.0456
100.250,-0.5874,0.0477,0.1524,0.0293,0.00,-0.0446,-0.0437,-0.0455
100.350,-0.5903,0.0473,0.1515,0.0293,0.00,-0.0445,-0.0436,-0.0455
100.450,-0.5932,0.0470,0.1506,0.0293,0.00,-0.0444,-0.0436,-0.0454
100.550,-0.5961,0.0466,0.1496,0.0293,0.00,-0.0444,-0.0435,-0.0453
100.650,-0.5990,0.0462,0.1487,0.0293,0.00,-0.0443,-0.0434,-0.0452
100.750,-0.6019,0.0459,0.1478,0.0293,0.00,-0.0442,-0.0433,-0.0451
100.850,-0.6048,0.0455,0.1469,0.0293,0.00,-0.0441,-0.0432,-0.0450
100.950,-0.6077,0.0452,0.1460,0.0293,0.00,-0.0440,-0.0431,-0.0449
101.050,-0.6106,0.0448,0.1451,0.0293,0.00,-0.0439,-0.0430,-0.0448
101.150,-0.6135,0.0445,0.1442,0.0293,0.00,-0.0438,-0.0429,-0.0446
101.250,-0.6164,0.0441,0.1433,0.0293,0.00,-0.0436,-0.0428,-0.0445
101.350,-0.6193,0.0438,0.1424,0.0293,0.00,-0.0435,-0.0427,-0.0444
101.450,-0.6222,0.0434,0.1415,0.0293,0.00,-0.0434,-0.0426,-0.0443
101.550,-0.6251,0.0431,0.1406,0.0293,0.00,-0.0433,-0.0424,-0.0442
101.650,-0.6281,0.0427,0.1397,0.0293,0.00,-0.0432,-0.0423,-0.0440
101.750,-0.6310,0.0424,0.1388,0.0293,0.00,-0.0430,-0.0422,-0.0439
101.850,-0.6339,0.0421,0.1380,0.0293,0.00,-0.0429,-0.0421,-0.0438
101.950,-0.6368,0.0417,0.1371,0.0293,0.00,-0.0428,-0.0419,-0.0436
102.050,-0.6397,0.0414,0.1362,0.0293,0.00,-0.0426,-0.0418,-0.0435
102.150,-0.6426,0.0411,0.1353,0.0293,0.00,-0.0425,-0.0417,-0.0433
102.250,-0.6455,0.0407,0.1344,0.0293,0.00,-0.0424,-0.0416,-0.0432
102.350,-0.6484,0.0404,0.1336,0.0293,0.00,-0.0422,-0.0414,-0.0430
102.450,-0.6513,0.0401,0.1327,0.0293,0.00,-0.0421,-0.0413,-0.0429
102.550,-0.6543,0.0398,0.1318,0.0293,0.00,-0.0419,-0.0411,-0.0427
102.650,-0.6572,0.0394,0.1310,0.0293,0.00,-0.0418,-0.0410,-0.0426
102.750,-0.6601,0.0391,0.1301,0.0293,0.00,-0.0416,-0.0408,-0.0424
102.850,-0.6630,0.0388,0.1293,0.0293,0.00,-0.0415,-0.0407,-0.0423
102.950,-0.6659,0.0385,0.1284,0.0293,0.00,-0.0413,-0.0406,-0.0421
103.050,-0.6688,0.0382,0.1276,0.0293,0.00,-0.0412,-0.0404,-0.0420
103.150,-0.6717,0.0379,0.1267,0.0293,0.00,-0.0410,-0.0403,-0.0418
103.250,-0.6746,0.0376,0.1259,0.0293,0.00,-0.0408,-0.0401,-0.0416
103.350,-0.6776,0.0373,0.1250,0.0293,0.00,-0.0407,-0.0399,-0.0415
103.450,-0.6805,0.0370,0.1242,0.0293,0.00,-0.0405,-0.0398,-0.0413
103.550,-0.6834,0.0367,0.1234,0.0293,0.00,-0.0404,-0.0396,-0.0411
103.650,-0.6863,0.0364,0.1225,0.0293,0.00,-0.0402,-0.0395,-0.0409
103.750,-0.6893,0.0362,0.1258,0.0300,0.20,-0.4809,-0.3985,-0.6011
103.850,-0.6928,0.0354,0.1442,0.0383,0.20,-0.4958,-0.4090,-0.6235
103.950,-0.6977,0.0349,0.1598,0.0515,0.20,-0.5046,-0.4151,-0.6368
104.050,-0.7031,0.0355,0.1572,0.0521,0.20,-0.5006,-0.4123,-0.6307
104.150,-0.7071,0.0360,0.1432,0.0371,0.20,-0.4945,-0.4081,-0.6215
104.250,-0.7103,0.0363,0.1320,0.0310,0.20,-0.4864,-0.4024,-0.6093
104.350,-0.7132,0.0366,0.1224,0.0284,0.20,-0.4776,-0.3962,-0.5962
104.450,-0.7159,0.0371,0.1130,0.0271,0.20,-0.4682,-0.3896,-0.5822
104.550,-0.7185,0.0375,0.1040,0.0267,0.20,-0.4585,-0.3827,-0.5678
104.650,-0.7211,0.0380,0.0950,0.0267,0.20,-0.4486,-0.3756,-0.5533
104.750,-0.7238,0.0384,0.0862,0.0268,0.20,-0.4388,-0.3686,-0.5389
104.850,-0.7264,0.0389,0.0775,0.0268,0.20,-0.4292,-0.3617,-0.5249
104.950,-0.7291,0.0394,0.0691,0.0270,0.20,-0.4197,-0.3548,-0.5112
105.050,-0.7317,0.0399,0.0608,0.0270,0.20,-0.4104,-0.3480,-0.4979
105.150,-0.7344,0.0404,0.0528,0.0271,0.20,-0.4013,-0.3413,-0.4849
105.250,-0.7371,0.0409,0.0449,0.0272,0.20,-0.3924,-0.3348,-0.4722
105.350,-0.7397,0.0414,0.0371,0.0273,0.20,-0.3835,-0.3282,-0.4597
105.450,-0.7424,0.0419,0.0295,0.0273,0.20,-0.3749,-0.3218,-0.4476
105.550,-0.7451,0.0424,0.0222,0.0275,0.20,-0.3664,-0.3154,-0.4358
105.650,-0.7478,0.0430,0.0150,0.0276,0.20,-0.3581,-0.3092,-0.4242
105.750,-0.7505,0.0435,0.0080,0.0276,0.20,-0.3499,-0.3030,-0.4130
105.850,-0.7532,0.0440,0.0011,0.0277,0.20,-0.3419,-0.2969,-0.4021
105.950,-0.7560,0.0446,-0.0056,0.0278,0.20,-0.3341,-0.2909,-0.3914
106.050,-0.7587,0.0451,-0.0122,0.0278,0.20,-0.3264,-0.2850,-0.3810
106.150,-0.7614,0.0457,-0.0186,0.0279,0.20,-0.3188,-0.2792,-0.3709
106.250,-0.7641,0.0462,-0.0249,0.0279,0.20,-0.3113,-0.2734,-0.3609
106.350,-0.7669,0.0468,-0.0310,0.0280,0.20,-0.3040,-0.2677,-0.3512
106.450,-0.7696,0.0474,-0.0370,0.0280,0.20,-0.2968,-0.2621,-0.3418
106.550,-0.7724,0.0480,-0.0429,0.0281,0.20,-0.2898,-0.2565,-0.3325
106.650,-0.7751,0.0486,-0.0486,0.0281,0.20,-0.2828,-0.2510,-0.3235
106.750,-0.7779,0.0491,-0.0542,0.0282,0.20,-0.2760,-0.2456,-0.3147
106.850,-0.7806,0.0497,-0.0599,0.0279,0.20,-0.2693,-0.2403,-0.3060
106.950,-0.7834,0.0503,-0.0660,0.0279,0.20,-0.2620,-0.2345,-0.2968
107.050,-0.7861,0.0509,-0.0717,0.0279,0.20,-0.2551,-0.2289,-0.2880
107.150,-0.7889,0.0515,-0.0771,0.0281,0.20,-0.2484,-0.2234,-0.2795
107.250,-0.7916,0.0521,-0.0823,0.0284,0.20,-0.2418,-0.2180,-0.2712
107.350,-0.7944,0.0527,-0.0867,0.0287,0.20,-0.2359,-0.2133,-0.2639
107.450,-0.7972,0.0533,-0.0909,0.0289,0.20,-0.2304,-0.2087,-0.2570
107.550,-0.8001,0.0539,-0.0950,0.0286,0.20,-0.2252,-0.2044,-0.2505
107.650,-0.8029,0.0545,-0.0990,0.0287,0.20,-0.2199,-0.2000,-0.2440
107.750,-0.8057,0.0551,-0.1029,0.0288,0.20,-0.2147,-0.1957,-0.2377
107.850,-0.8085,0.0558,-0.1066,0.0289,0.20,-0.2097,-0.1915,-0.2316
107.950,-0.8113,0.0564,-0.1103,0.0289,0.20,-0.2047,-0.1874,-0.2256
108.050,-0.8142,0.0570,-0.1138,0.0290,0.20,-0.1999,-0.1833,-0.2197
108.150,-0.8170,0.0576,-0.1173,0.0290,0.20,-0.1950,-0.1792,-0.2139
108.250,-0.8198,0.0583,-0.1208,0.0290,0.20,-0.1903,-0.1752,-0.2082
108.350,-0.8226,0.0589,-0.1241,0.0290,0.20,-0.1856,-0.1712,-0.2026
108.450,-0.8255,0.0595,-0.1274,0.0290,0.20,-0.1810,-0.1672,-0.1971
108.550,-0.8283,0.0602,-0.1307,0.0290,0.20,-0.1764,-0.1633,-0.1917
108.650,-0.8311,0.0608,-0.1338,0.0290,0.20,-0.1719,-0.1595,-0.1864
108.750,-0.8340,0.0615,-0.1369,0.0291,0.20,-0.1675,-0.1556,-0.1812
108.850,-0.8368,0.0621,-0.1400,0.0291,0.20,-0.1631,-0.1518,-0.1761
108.950,-0.8396,0.0628,-0.1430,0.0291,0.20,-0.1588,-0.1481,-0.1711
109.050,-0.8425,0.0634,-0.1459,0.0291,0.20,-0.1545,-0.1444,-0.1662
109.150,-0.8453,0.0641,-0.1487,0.0291,0.20,-0.1503,-0.1407,-0.1613
109.250,-0.8481,0.0648,-0.1515,0.0291,0.20,-0.1461,-0.1370,-0.1565
109.350,-0.8510,0.0654,-0.1542,0.0291,0.20,-0.1420,-0.1334,-0.1519
109.450,-0.8538,0.0661,-0.1569,0.0291,0.20,-0.1380,-0.1298,-0.1472
109.550,-0.8566,0.0667,-0.1595,0.0291,0.20,-0.1340,-0.1263,-0.1427
109.650,-0.8595,0.0674,-0.1621,0.0291,0.20,-0.1301,-0.1228,-0.1383
109.750,-0.8623,0.0681,-0.1646,0.0291,0.20,-0.1262,-0.1193,-0.1339
109.850,-0.8651,0.0687,-0.1670,0.0291,0.20,-0.1223,-0.1159,-0.1296
109.950,-0.8680,0.0694,-0.1694,0.0291,0.20,-0.1185,-0.1125,-0.1253
110.050,-0.8708,0.0701,-0.1718,0.0291,0.20,-0.1148,-0.1091,-0.1212
110.150,-0.8736,0.0707,-0.1741,0.0291,0.20,-0.1111,-0.1057,-0.1170
110.250,-0.8765,0.0714,-0.1763,0.0291,0.20,-0.1075,-0.1024,-0.1130
110.350,-0.8793,0.0721,-0.1785,0.0291,0.20,-0.1039,-0.0992,-0.1090
110.450,-0.8821,0.0727,-0.1807,0.0291,0.20,-0.1003,-0.0959,-0.1051
110.550,-0.8850,0.0734,-0.1827,0.0291,0.20,-0.0968,-0.0927,-0.1013
110.650,-0.8878,0.0741,-0.1848,0.0291,0.20,-0.0934,-0.0895,-0.0975
110.750,-0.8906,0.0748,-0.1868,0.0291,0.20,-0.0900,-0.0864,-0.0938
110.850,-0.8934,0.0754,-0.1887,0.0291,0.20,-0.0866,-0.0833,-0.0902
110.950,-0.8963,0.0761,-0.1906,0.0291,0.20,-0.0833,-0.0802,-0.0866
111.050,-0.8991,0.0768,-0.1925,0.0291,0.20,-0.0800,-0.0772,-0.0830
111.150,-0.9019,0.0775,-0.1943,0.0291,0.20,-0.0768,-0.0742,-0.0796
111.250,-0.9048,0.0781,-0.1961,0.0291,0.20,-0.0736,-0.0712,-0.0761
111.350,-0.9076,0.0788,-0.1978,0.0291,0.20,-0.0704,-0.0682,-0.0728
111.450,-0.9104,0.0795,-0.1995,0.0291,0.20,-0.0673,-0.0653,-0.0695
111.550,-0.9133,0.0802,-0.2011,0.0291,0.20,-0.0643,-0.0624,-0.0662
111.650,-0.9161,0.0809,-0.2027,0.0291,0.20,-0.0612,-0.0596,-0.0630
111.750,-0.9189,0.0815,-0.2042,0.0291,0.20,-0.0583,-0.0567,-0.0599
111.850,-0.9217,0.0822,-0.2057,0.0291,0.20,-0.0553,-0.0540,-0.0568
111.950,-0.9246,0.0829,-0.2072,0.0291,0.20,-0.0524,-0.0512,-0.0537
112.050,-0.9274,0.0836,-0.2086,0.0291,0.20,-0.0496,-0.0485,-0.0507
112.150,-0.9302,0.0842,-0.2100,0.0291,0.20,-0.0467,-0.0458,-0.0478
112.250,-0.9331,0.0849,-0.2114,0.0291,0.20,-0.0439,-0.0431,-0.0448
112.350,-0.9359,0.0856,-0.2127,0.0291,0.20,-0.0412,-0.0404,-0.0420
112.450,-0.9387,0.0863,-0.2140,0.0291,0.20,-0.0385,-0.0378,-0.0392
112.550,-0.9416,0.0870,-0.2152,0.0291,0.20,-0.0358,-0.0352,-0.0364
112.650,-0.9444,0.0876,-0.2164,0.0291,0.20,-0.0331,-0.0327,-0.0337
112.750,-0.9472,0.0883,-0.2176,0.0291,0.20,-0.0305,-0.0301,-0.0310
112.850,-0.9500,0.0890,-0.2187,0.0291,0.20,-0.0280,-0.0276,-0.0283
112.950,-0.9529,0.0897,-0.2198,0.0291,0.20,-0.0254,-0.0251,-0.0257
113.050,-0.9557,0.0903,-0.2209,0.0291,0.20,-0.0229,-0.0227,-0.0232
113.150,-0.9585,0.0910,-0.2219,0.0291,0.20,-0.0204,-0.0203,-0.0206
113.250,-0.9614,0.0917,-0.2229,0.0291,0.20,-0.0180,-0.0179,-0.0182
113.350,-0.9642,0.0924,-0.2239,0.0291,0.20,-0.0156,-0.0155,-0.0157
113.450,-0.9670,0.0930,-0.2248,0.0291,0.20,-0.0132,-0.0132,-0.0133
113.550,-0.9698,0.0937,-0.2257,0.0291,0.20,-0.0109,-0.0108,-0.0110
113.650,-0.9727,0.0944,-0.2266,0.0291,0.20,-0.0086,-0.0086,-0.0086
113.750,-0.9755,0.0950,-0.2274,0.0291,0.20,-0.0063,-0.0063,-0.0063
113.850,-0.9783,0.0957,-0.2282,0.0291,0.20,-0.0041,-0.0041,-0.0041
113.950,-0.9812,0.0964,-0.2290,0.0291,0.20,-0.0019,-0.0019,-0.0019
114.050,-0.9840,0.0970,-0.2297,0.0291,0.20,0.0003,0.0003,0.0003
114.150,-0.9868,0.0977,-0.2304,0.0291,0.20,0.0024,0.0024,0.0024
114.250,-0.9896,0.0984,-0.2311,0.0291,0.20,0.0046,0.0046,0.0045
114.350,-0.9925,0.0990,-0.2318,0.0291,0.20,0.0066,0.0067,0.0066
114.450,-0.9953,0.0997,-0.2324,0.0291,0.20,0.0087,0.0087,0.0086
114.550,-0.9981,0.1003,-0.2330,0.0291,0.20,0.0107,0.0108,0.0106
114.650,-1.0010,0.1010,-0.2336,0.0291,0.20,0.0127,0.0128,0.0126
114.750,-1.0038,0.1017,-0.2341,0.0290,0.20,0.0146,0.0147,0.0145
114.850,-1.0066,0.1023,-0.2346,0.0290,0.20,0.0166,0.0167,0.0164
114.950,-1.0094,0.1030,-0.2351,0.0290,0.20,0.0185,0.0186,0.0183
115.050,-1.0123,0.1036,-0.2355,0.0290,0.20,0.0203,0.0205,0.0201
115.150,-1.0151,0.1043,-0.2360,0.0290,0.20,0.0222,0.0224,0.0220
115.250,-1.0179,0.1049,-0.2364,0.0290,0.20,0.0240,0.0243,0.0237
115.350,-1.0208,0.1056,-0.2367,0.0290,0.20,0.0258,0.0261,0.0255
115.450,-1.0236,0.1062,-0.2371,0.0290,0.20,0.0275,0.0279,0.0272
115.550,-1.0264,0.1069,-0.2374,0.0290,0.20,0.0292,0.0296,0.0289
115.650,-1.0293,0.1075,-0.2377,0.0290,0.20,0.0309,0.0314,0.0305
115.750,-1.0321,0.1082,-0.2380,0.0290,0.20,0.0326,0.0331,0.0321
115.850,-1.0349,0.1088,-0.2382,0.0290,0.20,0.0343,0.0348,0.0337
115.950,-1.0378,0.1094,-0.2385,0.0290,0.20,0.0359,0.0365,0.0353
116.050,-1.0406,0.1101,-0.2387,0.0290,0.20,0.0375,0.0381,0.0368
116.150,-1.0434,0.1107,-0.2388,0.0290,0.20,0.0390,0.0397,0.0383
116.250,-1.0463,0.1114,-0.2390,0.0290,0.20,0.0405,0.0413,0.0398
116.350,-1.0491,0.1120,-0.2391,0.0290,0.20,0.0421,0.0429,0.0413
116.450,-1.0519,0.1126,-0.2392,0.0290,0.20,0.0435,0.0444,0.0427
116.550,-1.0547,0.1133,-0.2393,0.0290,0.20,0.0450,0.0459,0.0441
116.650,-1.0576,0.1139,-0.2394,0.0290,0.20,0.0464,0.0474,0.0455
116.750,-1.0604,0.1145,-0.2394,0.0290,0.20,0.0478,0.0489,0.0468
116.850,-1.0632,0.1151,-0.2394,0.0290,0.20,0.0492,0.0503,0.0481
116.950,-1.0661,0.1157,-0.2394,0.0290,0.20,0.0506,0.0518,0.0494
117.050,-1.0689,0.1164,-0.2394,0.0290,0.20,0.0519,0.0532,0.0507
117.150,-1.0718,0.1170,-0.2393,0.0290,0.20,0.0532,0.0546,0.0520
117.250,-1.0746,0.1176,-0.2393,0.0290,0.20,0.0545,0.0559,0.0532
117.350,-1.0774,0.1182,-0.2392,0.0290,0.20,0.0558,0.0572,0.0544
117.450,-1.0803,0.1188,-0.2392,0.0289,0.20,0.0571,0.0586,0.0556
117.550,-1.0831,0.1194,-0.2389,0.0293,0.20,0.0582,0.0598,0.0567
117.650,-1.0860,0.1200,-0.2383,0.0293,0.20,0.0589,0.0606,0.0574
117.750,-1.0889,0.1206,-0.2376,0.0293,0.20,0.0595,0.0612,0.0580
117.850,-1.0917,0.1212,-0.2369,0.0293,0.20,0.0601,0.0618,0.0585
117.950,-1.0946,0.1218,-0.2361,0.0293,0.20,0.0607,0.0624,0.0590
118.050,-1.0975,0.1224,-0.2354,0.0293,0.20,0.0612,0.0630,0.0595
118.150,-1.1003,0.1229,-0.2346,0.0293,0.20,0.0617,0.0635,0.0600
118.250,-1.1032,0.1235,-0.2339,0.0293,0.20,0.0622,0.0640,0.0605
118.350,-1.1061,0.1241,-0.2330,0.0294,0.20,0.0626,0.0644,0.0608
118.450,-1.1090,0.1246,-0.2319,0.0293,0.20,0.0627,0.0645,0.0609
118.550,-1.1119,0.1252,-0.2308,0.0293,0.20,0.0628,0.0646,0.0610
118.650,-1.1147,0.1257,-0.2297,0.0293,0.20,0.0629,0.0647,0.0611
118.750,-1.1176,0.1263,-0.2285,0.0293,0.20,0.0629,0.0648,0.0612
118.850,-1.1205,0.1268,-0.2274,0.0293,0.20,0.0630,0.0649,0.0612
118.950,-1.1234,0.1274,-0.2263,0.0293,0.20,0.0631,0.0649,0.0613
119.050,-1.1263,0.1279,-0.2252,0.0293,0.20,0.0631,0.0650,0.0614
119.150,-1.1291,0.1284,-0.2240,0.0293,0.20,0.0632,0.0650,0.0614
119.250,-1.1320,0.1290,-0.2229,0.0293,0.20,0.0632,0.0651,0.0614
119.350,-1.1349,0.1295,-0.2218,0.0293,0.20,0.0632,0.0651,0.0614
119.450,-1.1378,0.1300,-0.2206,0.0293,0.20,0.0632,0.0651,0.0615
119.550,-1.1407,0.1305,-0.2195,0.0293,0.20,0.0633,0.0651,0.0615
119.650,-1.1436,0.1310,-0.2184,0.0293,0.20,0.0633,0.0651,0.0615
119.750,-1.1464,0.1315,-0.2172,0.0293,0.20,0.0633,0.0651,0.0615
119.850,-1.1493,0.1321,-0.2161,0.0293,0.20,0.0632,0.0651,0.0615
119.950,-1.1522,0.1326,-0.2149,0.0293,0.20,0.0632,0.0651,0.0614
